authorized_flag,card_id,city_id,category_1,installments,category_3,merchant_category_id,merchant_id,month_lag,purchase_amount,purchase_date,category_2,state_id,subsector_id
Y,C_ID_669e5408f6,188,N,12,C,690,M_ID_0bba934c74,1,3.18719828,2018-01-15 12:55:09,1.0,9,1
Y,C_ID_f25d1c818f,87,N,1,B,130,M_ID_9118593db0,1,-0.41632454,2018-02-10 15:15:01,3.0,11,41
Y,C_ID_f25d1c818f,87,N,1,B,332,M_ID_37a9370575,1,0.00441779,2018-02-09 10:28:52,3.0,11,2
Y,C_ID_5410dc065d,340,N,1,B,419,M_ID_7b543f7526,1,-0.59964798,2018-03-16 11:13:03,1.0,9,1
Y,C_ID_5410dc065d,340,N,1,B,683,M_ID_a4358d9e50,2,-0.73278287,2018-04-20 07:28:50,1.0,9,34
Y,C_ID_5410dc065d,340,N,1,B,519,M_ID_915eed817a,1,-0.58056431,2018-03-10 11:01:44,1.0,9,7
Y,C_ID_5410dc065d,340,N,1,B,528,M_ID_01cfd8bbfd,2,-0.73488659,2018-04-21 11:25:41,1.0,9,25
Y,C_ID_5410dc065d,340,N,1,B,387,M_ID_798c8c7380,2,-0.73819242,2018-04-20 16:46:34,1.0,9,36
Y,C_ID_5410dc065d,340,N,1,B,683,M_ID_0d01a1d74a,2,-0.67928849,2018-04-14 09:44:53,1.0,9,34
Y,C_ID_5410dc065d,340,N,1,B,278,M_ID_0de4d67808,1,-0.73715559,2018-03-16 10:22:54,1.0,9,37
Y,C_ID_5410dc065d,340,N,-1,,332,M_ID_f734a6b02f,2,-0.57410291,2018-04-18 12:57:06,1.0,9,2
Y,C_ID_5410dc065d,340,N,1,B,462,M_ID_5d43f76fb0,2,-0.72173839,2018-04-16 08:36:31,1.0,9,31
Y,C_ID_5410dc065d,340,N,1,B,769,M_ID_1d44f396df,1,-0.66426198,2018-03-20 10:12:26,1.0,9,32
Y,C_ID_5410dc065d,-1,Y,2,C,879,M_ID_ef87dd1879,2,-0.6015864,2018-04-08 11:17:14,,-1,29
Y,C_ID_5410dc065d,340,N,1,B,417,M_ID_422f376116,1,-0.70182826,2018-03-14 09:12:08,1.0,9,27
Y,C_ID_5410dc065d,340,N,5,C,607,M_ID_694e630d4f,2,-0.52166038,2018-04-21 13:54:43,1.0,9,29
Y,C_ID_5410dc065d,340,N,1,B,307,M_ID_5dd09414cb,2,-0.73641929,2018-04-20 17:06:12,1.0,9,19
Y,C_ID_5410dc065d,340,N,1,B,367,M_ID_036eef0b92,1,-0.73922925,2018-03-16 14:24:58,1.0,9,16
Y,C_ID_5410dc065d,159,N,1,B,178,M_ID_ae6d4fa27a,1,-0.67177524,2018-03-10 12:52:33,1.0,9,29
Y,C_ID_d66b8e8a6e,231,N,1,B,705,M_ID_52f11e730e,1,-0.63972369,2017-11-21 00:00:00,1.0,9,33
Y,C_ID_d66b8e8a6e,19,N,3,C,422,M_ID_a9ae333a7e,1,-0.46155434,2017-11-12 16:39:45,1.0,9,27
Y,C_ID_d66b8e8a6e,-1,Y,1,B,879,M_ID_9139332ccc,2,-0.16838709,2017-12-14 20:45:40,,-1,29
Y,C_ID_d66b8e8a6e,339,N,1,B,45,M_ID_8e3252616f,2,-0.67177524,2017-12-19 10:49:52,1.0,9,18
Y,C_ID_d66b8e8a6e,19,N,1,B,80,M_ID_41b100f124,1,-0.72737333,2017-11-12 16:01:22,1.0,9,37
Y,C_ID_d66b8e8a6e,19,N,2,C,779,M_ID_d751d9f07b,1,-0.5966577,2017-11-12 15:44:57,1.0,9,27
Y,C_ID_d66b8e8a6e,69,N,1,B,637,M_ID_f7227b1aa8,1,-0.52075879,2017-11-17 13:59:37,1.0,9,37
Y,C_ID_d66b8e8a6e,231,N,1,B,367,M_ID_ec8cc82b7f,1,-0.57115771,2017-11-20 18:13:43,1.0,9,16
Y,C_ID_d66b8e8a6e,231,N,1,B,2,M_ID_06cad30edf,1,-0.5560711,2017-11-21 00:00:00,1.0,9,20
Y,C_ID_d66b8e8a6e,163,N,1,B,683,M_ID_90f19f89ee,1,-0.67004719,2017-11-16 17:59:15,1.0,9,34
Y,C_ID_76203d106f,25,N,0,A,56,M_ID_a9bf18cef8,2,-0.71685477,2018-01-05 19:31:41,3.0,7,17
Y,C_ID_4218d9a779,179,N,-1,,222,M_ID_61f5944f6c,1,-0.34419728,2017-10-17 02:00:00,,-1,21
Y,C_ID_4218d9a779,-1,Y,1,B,755,M_ID_8fadd601d2,1,-0.68997234,2017-10-24 12:44:02,,-1,8
Y,C_ID_05f0356b98,19,N,1,B,307,M_ID_91361fe7cb,1,-0.72436803,2017-12-17 11:00:34,1.0,9,19
Y,C_ID_05f0356b98,69,N,1,B,606,M_ID_cd2c0b07e9,1,-0.71685477,2017-12-23 21:18:40,1.0,9,17
Y,C_ID_05f0356b98,115,N,1,B,80,M_ID_0a31abc15c,1,-0.73789189,2017-12-12 17:21:32,1.0,9,37
Y,C_ID_05f0356b98,115,N,1,B,45,M_ID_caa8c25850,1,-0.67252656,2017-12-07 12:59:32,1.0,9,18
Y,C_ID_05f0356b98,115,N,1,B,278,M_ID_b8f4ad12c5,1,-0.71685477,2017-12-18 13:12:00,1.0,9,37
Y,C_ID_05f0356b98,48,N,1,B,414,M_ID_ee971567ed,1,-0.74164852,2017-12-09 10:34:09,1.0,9,29
Y,C_ID_05f0356b98,115,N,1,B,307,M_ID_dd606306a5,1,-0.73188128,2017-12-21 21:12:35,1.0,9,19
Y,C_ID_05f0356b98,69,N,1,B,80,M_ID_c03b62d83d,1,-0.69972455,2017-12-05 15:57:12,1.0,9,37
Y,C_ID_05f0356b98,115,N,1,B,307,M_ID_cdc13ccad7,1,-0.71685477,2017-12-24 22:17:21,1.0,9,19
Y,C_ID_96ecef487b,304,N,1,B,367,M_ID_cb2d199773,1,-0.68964176,2017-11-18 19:26:53,5.0,20,16
Y,C_ID_96ecef487b,304,N,1,B,498,M_ID_f87568cc32,2,-0.63120365,2017-12-09 12:39:50,5.0,20,29
Y,C_ID_96ecef487b,149,N,1,B,307,M_ID_19ca9f1f1a,2,-0.70182826,2017-12-08 13:15:57,5.0,20,19
Y,C_ID_96ecef487b,160,N,1,B,80,M_ID_8a1f8c2dad,2,-0.67042285,2017-12-10 22:02:35,5.0,21,37
Y,C_ID_96ecef487b,149,N,1,B,813,M_ID_1a6b4013ed,2,-0.72887598,2017-12-08 12:47:10,5.0,20,29
Y,C_ID_96ecef487b,304,N,1,B,705,M_ID_6927a1ac1a,1,-0.71170068,2017-11-19 10:51:31,5.0,20,33
Y,C_ID_96ecef487b,149,N,1,B,560,M_ID_096830559d,1,-0.74540514,2017-11-21 15:57:22,5.0,20,34
Y,C_ID_96ecef487b,304,N,1,B,422,M_ID_5ff200ea74,2,-0.70492372,2017-12-08 16:21:18,5.0,20,27
Y,C_ID_96ecef487b,304,N,1,B,703,M_ID_bc5cbb1e77,2,-0.68988218,2017-12-08 14:10:05,5.0,20,29
Y,C_ID_96ecef487b,69,N,1,B,561,M_ID_50f575c681,1,-0.694315,2017-11-19 18:18:19,1.0,9,7
Y,C_ID_96ecef487b,149,N,1,B,367,M_ID_75907552bc,2,-0.67574224,2017-12-09 12:58:59,5.0,20,16
Y,C_ID_96ecef487b,149,N,1,B,206,M_ID_cc14ed90b9,2,-0.57492937,2017-12-08 14:20:38,5.0,20,1
Y,C_ID_96ecef487b,304,N,1,B,307,M_ID_baac07317f,2,-0.70934152,2017-12-09 12:20:02,5.0,20,19
Y,C_ID_96ecef487b,304,N,1,B,68,M_ID_31fb13e368,2,-0.68695201,2017-12-08 13:39:52,5.0,20,27
Y,C_ID_96ecef487b,304,N,1,B,309,M_ID_b3182e61d7,1,-0.71850769,2017-11-22 17:01:26,5.0,20,21
Y,C_ID_0c2bd62ba7,69,N,1,B,667,M_ID_6d789389fe,2,-0.45539347,2018-02-26 16:20:58,1.0,9,21
Y,C_ID_0c2bd62ba7,340,N,1,B,705,M_ID_b9303baaed,2,-0.64036983,2018-02-16 18:01:46,1.0,9,33
Y,C_ID_0c2bd62ba7,69,N,1,B,222,M_ID_5cea7e02a8,2,-0.64893494,2018-02-26 13:28:33,1.0,9,21
Y,C_ID_0c2bd62ba7,88,N,1,B,278,M_ID_d1d3ebe854,1,-0.21053646,2018-01-07 22:17:34,1.0,16,37
Y,C_ID_0c2bd62ba7,69,N,1,B,278,M_ID_295b485138,1,-0.41546802,2018-01-18 15:08:20,1.0,9,37
Y,C_ID_0c2bd62ba7,69,N,1,B,80,M_ID_ab87a22042,1,-0.60157137,2018-01-31 12:32:26,1.0,9,37
Y,C_ID_0c2bd62ba7,213,N,1,B,454,M_ID_98e9743826,2,-0.64923547,2018-02-18 18:40:20,1.0,9,39
Y,C_ID_0c2bd62ba7,19,N,1,B,367,M_ID_aa6288059e,1,-0.7051942,2018-01-24 17:19:18,1.0,9,16
Y,C_ID_0c2bd62ba7,213,N,1,B,278,M_ID_866bad1d31,2,-0.44194474,2018-02-18 20:14:16,1.0,9,37
Y,C_ID_0c2bd62ba7,69,N,1,B,454,M_ID_800c9d11e3,1,-0.69882296,2018-01-18 17:00:58,1.0,9,39
Y,C_ID_0c2bd62ba7,69,N,1,B,419,M_ID_af34e9a999,1,-0.69055838,2018-01-18 19:14:08,1.0,9,1
Y,C_ID_0c2bd62ba7,9,N,1,B,307,M_ID_6c3fdd3de0,1,-0.55904634,2018-01-08 08:35:29,1.0,16,19
Y,C_ID_0c2bd62ba7,331,N,1,B,554,M_ID_40ad0a3d11,1,-0.53954193,2018-01-07 09:08:29,1.0,16,25
Y,C_ID_0c2bd62ba7,340,N,1,B,650,,1,0.63228556,2018-01-03 20:38:16,1.0,9,29
Y,C_ID_0c2bd62ba7,340,N,1,B,414,M_ID_c69ec7f4f2,2,-0.44938286,2018-02-02 14:46:02,1.0,9,29
Y,C_ID_0c2bd62ba7,140,N,1,B,307,M_ID_a216ec6d06,1,-0.3715305,2018-01-04 19:00:08,1.0,9,19
Y,C_ID_0c2bd62ba7,116,N,1,B,278,M_ID_ad9ca73590,2,-0.70182826,2018-02-26 18:32:37,1.0,9,37
Y,C_ID_0c2bd62ba7,340,N,1,B,307,M_ID_34e7de3bf0,1,-0.54846768,2018-01-19 14:21:37,1.0,9,19
Y,C_ID_0c2bd62ba7,340,N,5,C,706,M_ID_0cd3736b93,1,0.28992152,2018-01-19 14:52:30,1.0,9,26
Y,C_ID_0c2bd62ba7,69,N,1,B,278,M_ID_f1ab535812,1,-0.59589135,2018-01-18 19:26:26,1.0,9,37
Y,C_ID_0c2bd62ba7,88,N,1,B,367,M_ID_86ec983688,1,-0.625734,2018-01-06 19:44:49,1.0,16,16
Y,C_ID_0c2bd62ba7,88,N,1,B,278,M_ID_b4491a37dc,1,-0.6266957,2018-01-05 22:46:32,1.0,16,37
Y,C_ID_0c2bd62ba7,340,N,1,B,842,M_ID_41b71a16f2,1,-0.59731887,2018-01-16 14:19:59,1.0,9,37
Y,C_ID_0c2bd62ba7,88,N,1,B,705,M_ID_8285c3de04,1,-0.62486247,2018-01-09 10:45:29,1.0,16,33
Y,C_ID_0c2bd62ba7,88,N,1,B,278,M_ID_59de08bf16,1,-0.37103463,2018-01-06 16:53:25,1.0,16,37
Y,C_ID_0c2bd62ba7,69,N,1,B,884,M_ID_1abfe450d5,1,-0.61317184,2018-01-18 21:12:22,1.0,9,27
Y,C_ID_0c2bd62ba7,-1,Y,1,B,217,M_ID_5a0a412718,1,-0.59664268,2018-01-30 16:13:13,,-1,31
Y,C_ID_0c2bd62ba7,213,N,1,B,80,M_ID_ec2ef1d737,2,-0.71835742,2018-02-18 22:12:14,1.0,9,37
Y,C_ID_0c2bd62ba7,88,N,1,B,367,M_ID_9f9596318e,1,-0.62625993,2018-01-06 18:32:39,1.0,16,16
Y,C_ID_0c2bd62ba7,-1,Y,1,B,879,M_ID_b9dcf28cb9,1,-0.74615647,2018-01-09 19:35:51,,-1,29
Y,C_ID_0c2bd62ba7,88,N,1,B,278,M_ID_5e8220e564,1,-0.32541414,2018-01-09 22:41:56,1.0,16,37
Y,C_ID_0c2bd62ba7,88,N,4,C,34,M_ID_0571fd3d94,1,-0.04066174,2018-01-06 20:12:37,1.0,16,38
Y,C_ID_0c2bd62ba7,88,N,1,B,278,M_ID_5a61e69f4c,1,0.18946929,2018-01-08 21:19:02,1.0,16,37
Y,C_ID_288d18c836,-1,Y,6,C,437,M_ID_b42072cce2,1,-0.58982064,2017-12-26 06:50:10,,-1,15
Y,C_ID_288d18c836,212,N,1,B,80,M_ID_42ee0f04e0,1,-0.68680175,2017-12-06 12:41:51,4.0,4,37
Y,C_ID_c66929e28c,24,N,0,A,842,M_ID_243f44bbbb,1,-0.73037863,2017-12-16 20:47:18,1.0,9,37
Y,C_ID_c66929e28c,24,N,0,A,80,M_ID_d1a3638ffa,1,-0.73503685,2017-12-20 17:16:50,1.0,9,37
Y,C_ID_c66929e28c,24,N,0,A,87,M_ID_9ea15e145f,1,-0.62684597,2017-12-14 08:10:51,1.0,9,27
Y,C_ID_c66929e28c,24,N,0,A,705,M_ID_f2bb5e05b1,1,-0.73940957,2017-12-06 18:45:13,1.0,9,33
Y,C_ID_d55f653b32,143,N,1,B,278,M_ID_9839680d8a,2,-0.47072051,2018-02-03 21:56:19,5.0,5,37
Y,C_ID_d55f653b32,30,N,1,B,278,M_ID_9e7c442668,1,-0.43533307,2018-01-25 20:09:01,3.0,17,37
Y,C_ID_d55f653b32,30,N,1,B,278,M_ID_2c6f06e76a,1,-0.47285427,2018-01-24 21:10:59,3.0,17,37
Y,C_ID_d55f653b32,30,N,1,B,278,M_ID_919b75a151,1,-0.48313241,2018-01-27 22:26:22,3.0,17,37
Y,C_ID_d55f653b32,-1,Y,1,B,409,M_ID_f19d6a46ab,1,-0.74239984,2018-01-05 05:49:48,,-1,29
Y,C_ID_d55f653b32,143,N,1,B,278,M_ID_ae73606845,2,-0.55186367,2018-02-14 21:15:56,5.0,5,37
Y,C_ID_bdd27a3665,341,N,0,A,80,M_ID_90402a71de,1,-0.67988955,2017-09-09 16:44:47,1.0,15,37
Y,C_ID_bdd27a3665,88,N,0,A,278,M_ID_a701a7565d,1,-0.68657635,2017-09-13 00:36:09,1.0,16,37
Y,C_ID_bdd27a3665,331,N,0,A,307,M_ID_7a3ecf8375,1,-0.51249421,2017-09-06 18:37:01,1.0,16,19
Y,C_ID_bdd27a3665,88,N,0,A,180,M_ID_5e74688d90,1,-0.69515649,2017-09-04 20:30:21,1.0,16,20
Y,C_ID_bdd27a3665,88,N,0,A,278,M_ID_3c2d40ff2e,1,-0.7236167,2017-09-20 15:38:55,1.0,16,37
Y,C_ID_bdd27a3665,64,N,0,A,307,M_ID_74b1dabf3d,1,-0.59996354,2017-09-09 17:08:23,1.0,15,19
Y,C_ID_bdd27a3665,88,N,0,A,307,M_ID_66f40e51ad,1,-0.49336546,2017-09-17 19:07:56,1.0,16,19
Y,C_ID_bdd27a3665,88,N,0,A,68,M_ID_e8069a7bff,1,-0.64175227,2017-09-18 14:42:37,1.0,16,27
Y,C_ID_bdd27a3665,88,N,0,A,278,M_ID_351210189e,1,-0.68855985,2017-09-05 17:44:14,1.0,16,37
Y,C_ID_bdd27a3665,158,N,0,A,560,M_ID_4ce719e7c2,1,-0.70038571,2017-09-08 09:31:32,1.0,15,34
Y,C_ID_bdd27a3665,88,N,0,A,415,M_ID_66018d639e,1,-0.694315,2017-09-04 13:57:26,1.0,16,18
Y,C_ID_bdd27a3665,88,N,0,A,367,M_ID_c342f80b79,1,-0.73789189,2017-09-13 13:16:49,1.0,16,16
Y,C_ID_bdd27a3665,158,N,0,A,80,M_ID_a9430074ad,1,-0.7012272,2017-09-09 01:59:02,1.0,15,37
Y,C_ID_bdd27a3665,158,N,0,A,278,M_ID_2196c56d89,1,-0.64845409,2017-09-08 20:08:52,1.0,15,37
Y,C_ID_bdd27a3665,331,N,0,A,307,M_ID_df161e2f78,1,-0.66271425,2017-09-06 21:24:57,1.0,16,19
Y,C_ID_bdd27a3665,88,N,0,A,278,M_ID_33e2cb485b,1,-0.59401304,2017-09-03 17:38:03,1.0,16,37
Y,C_ID_bdd27a3665,110,N,0,A,171,M_ID_2416bc1484,1,-0.67632827,2017-09-10 16:25:08,1.0,16,34
Y,C_ID_cd52f06dba,138,N,-1,,367,M_ID_2857277b5c,1,-0.62502776,2018-02-18 07:59:47,1.0,15,16
Y,C_ID_cd52f06dba,-1,Y,1,B,302,M_ID_66eeb5ae0a,2,-0.70564499,2018-03-31 16:05:47,,-1,22
Y,C_ID_cd52f06dba,74,N,1,B,367,M_ID_690f5cfb9e,1,-0.71093433,2018-02-05 07:31:57,1.0,15,16
Y,C_ID_cd52f06dba,-1,Y,1,B,111,M_ID_92dd72b674,2,-0.7214078,2018-03-03 05:23:09,,-1,36
Y,C_ID_cd52f06dba,158,N,1,B,839,M_ID_50076f761c,2,-0.68424724,2018-03-24 17:33:25,1.0,15,29
Y,C_ID_cd52f06dba,74,N,1,B,206,M_ID_c7a435b689,2,-0.7176662,2018-03-29 10:51:36,1.0,15,1
Y,C_ID_cd52f06dba,74,N,2,C,68,M_ID_9aae06b7b5,1,-0.62684597,2018-02-09 16:46:39,1.0,15,27
Y,C_ID_cd52f06dba,74,N,2,C,206,M_ID_6ea2b2053b,1,-0.62684597,2018-02-02 18:03:13,1.0,15,1
Y,C_ID_cd52f06dba,74,N,2,C,367,M_ID_d01ca4ae07,2,-0.57084216,2018-03-03 21:41:02,1.0,15,16
Y,C_ID_cd52f06dba,74,N,1,B,705,M_ID_f7fa52c7b3,2,-0.55601099,2018-03-11 21:24:29,1.0,15,33
Y,C_ID_cd52f06dba,74,N,1,B,683,M_ID_830126c4fa,2,-0.67632827,2018-03-29 13:18:56,1.0,15,34
Y,C_ID_cd52f06dba,69,N,4,C,834,M_ID_29ec8d2ab8,2,-0.49912062,2018-03-25 01:24:10,1.0,9,27
Y,C_ID_cd52f06dba,143,N,3,C,506,M_ID_a9d91682ad,2,-0.47823376,2018-03-15 17:37:22,5.0,5,30
Y,C_ID_cd52f06dba,138,N,1,B,14,,1,-0.45389082,2018-02-17 11:07:12,1.0,15,31
Y,C_ID_cd52f06dba,74,N,2,C,422,M_ID_bb4311185e,1,-0.64172221,2018-02-12 18:25:55,1.0,15,27
Y,C_ID_cd52f06dba,74,N,1,B,195,M_ID_ccbb818f19,2,-0.68553952,2018-03-29 07:36:48,1.0,15,34
Y,C_ID_d102a891f2,117,N,1,B,222,M_ID_9cc8cdc2b9,1,-0.72887598,2017-09-16 12:06:38,2.0,23,21
Y,C_ID_d102a891f2,117,N,1,B,80,M_ID_cbf911cbb0,1,-0.72328612,2017-09-19 20:44:51,2.0,23,37
Y,C_ID_d102a891f2,117,N,1,B,356,M_ID_5c52ab6b7f,1,-0.72119743,2017-09-16 11:57:05,2.0,23,21
Y,C_ID_d102a891f2,117,N,1,B,705,M_ID_cbd3438a2b,1,-0.64934065,2017-09-16 19:54:25,2.0,23,33
Y,C_ID_54428f7ceb,267,N,1,B,705,M_ID_07aee09c5a,1,-0.74164852,2018-01-27 09:56:10,1.0,16,33
Y,C_ID_54428f7ceb,267,N,1,B,703,M_ID_58e8aca1b8,2,-0.71084417,2018-02-07 17:55:06,1.0,16,29
Y,C_ID_54428f7ceb,331,N,1,B,705,M_ID_ffc7d0ac83,2,-0.72965736,2018-02-17 18:31:29,3.0,7,33
Y,C_ID_54428f7ceb,331,N,1,B,705,M_ID_64a55f5aa8,2,-0.71813203,2018-02-16 16:29:17,3.0,7,33
Y,C_ID_54428f7ceb,267,N,1,B,63,M_ID_31538c6cf1,2,-0.57560556,2018-02-08 15:27:50,1.0,16,27
Y,C_ID_54428f7ceb,267,N,1,B,68,M_ID_9f21437ffe,1,-0.56658965,2018-01-24 09:15:07,1.0,16,27
Y,C_ID_54428f7ceb,267,N,1,B,307,M_ID_135ff86661,1,-0.67177524,2018-01-29 15:15:39,1.0,16,19
Y,C_ID_b4a29d7158,333,N,0,A,705,M_ID_4e4b862e9a,1,-0.71772631,2018-03-31 11:48:44,5.0,21,33
Y,C_ID_b4a29d7158,88,N,0,A,278,M_ID_b997657d2b,2,-0.70333091,2018-04-08 01:11:32,1.0,16,37
Y,C_ID_b4a29d7158,88,N,0,A,705,M_ID_39733f2b05,2,-0.71930409,2018-04-08 15:00:04,1.0,16,33
Y,C_ID_b4a29d7158,333,N,0,A,818,M_ID_2c98dbd7d8,2,-0.48995444,2018-04-01 12:01:03,5.0,21,12
Y,C_ID_b4a29d7158,333,N,0,A,278,M_ID_9f19804cae,2,-0.69393934,2018-04-01 13:56:48,5.0,21,37
Y,C_ID_c00bbde229,147,N,1,B,278,M_ID_e8e3b35ede,2,-0.66576463,2018-01-06 20:16:31,3.0,19,37
Y,C_ID_c00bbde229,17,N,1,B,278,M_ID_a51e43bc42,2,-0.63120365,2018-01-19 20:13:38,4.0,22,37
Y,C_ID_c00bbde229,147,N,1,B,705,M_ID_e6e61f3f2b,2,-0.69632856,2018-01-07 10:56:30,3.0,19,33
Y,C_ID_c00bbde229,147,N,1,B,511,M_ID_795e022ccb,2,-0.6913097,2018-01-05 16:24:06,3.0,19,7
Y,C_ID_c00bbde229,147,N,1,B,560,M_ID_bb747a2293,2,-0.70638129,2018-01-10 21:10:05,3.0,19,34
Y,C_ID_c00bbde229,17,N,1,B,506,M_ID_9e38d43969,2,-0.69673427,2018-01-19 12:26:56,4.0,22,30
Y,C_ID_c00bbde229,137,N,1,B,195,M_ID_66cd7f0641,2,-0.73022837,2018-01-08 20:25:36,3.0,19,34
Y,C_ID_c00bbde229,137,N,1,B,278,M_ID_3f897c07d9,2,-0.694315,2018-01-10 15:46:03,3.0,19,37
Y,C_ID_c00bbde229,137,N,1,B,528,M_ID_3afa1dec6b,2,-0.63871691,2018-01-08 18:12:30,3.0,19,25
Y,C_ID_c00bbde229,147,N,1,B,278,M_ID_e9240f6448,2,-0.63120365,2018-01-09 14:15:08,3.0,19,37
Y,C_ID_c00bbde229,147,N,1,B,80,M_ID_087527d267,2,-0.71927404,2018-01-05 21:30:54,3.0,19,37
Y,C_ID_4a97be79d1,12,N,1,B,80,M_ID_edd3eb6850,2,-0.6426238,2018-02-11 19:34:42,5.0,5,37
Y,C_ID_4a97be79d1,289,N,1,B,87,M_ID_a00d6ec406,1,-0.55982772,2018-01-22 17:52:36,5.0,5,27
Y,C_ID_4a97be79d1,231,N,1,B,367,M_ID_66197a6186,2,-0.64749239,2018-02-01 15:58:40,1.0,9,16
Y,C_ID_4a97be79d1,-1,Y,1,B,387,M_ID_e407155a1c,1,-0.6852991,2018-01-30 17:51:26,,-1,36
Y,C_ID_4a97be79d1,51,N,2,C,68,M_ID_5ff58f066a,1,-0.56673992,2018-01-13 11:27:04,1.0,16,27
Y,C_ID_4a97be79d1,289,N,1,B,383,M_ID_a9fd7108ae,1,-0.29611244,2018-01-17 16:04:08,5.0,5,2
Y,C_ID_4a97be79d1,51,N,1,B,195,M_ID_fd67e80ac9,1,-0.69055838,2018-01-13 09:49:51,1.0,16,34
Y,C_ID_4a97be79d1,44,N,10,C,34,M_ID_cf85debf43,1,2.52135852,2018-01-15 16:47:07,5.0,5,38
Y,C_ID_4a97be79d1,231,N,1,B,80,M_ID_8ad20129a0,2,-0.73203155,2018-02-01 17:00:14,1.0,9,37
Y,C_ID_4a97be79d1,-1,Y,1,B,819,M_ID_7b813ead83,1,-0.6852991,2018-01-29 03:02:54,,-1,25
Y,C_ID_4a97be79d1,69,N,1,B,683,M_ID_84295efa12,1,-0.64588456,2018-01-31 15:22:06,1.0,9,34
Y,C_ID_4a97be79d1,-1,Y,12,C,879,M_ID_9139332ccc,2,-0.04081201,2018-02-04 16:11:38,,-1,29
Y,C_ID_4a97be79d1,51,N,2,C,793,M_ID_a35a24d16a,1,-0.52902337,2018-01-13 11:59:51,1.0,16,38
Y,C_ID_4a97be79d1,12,N,1,B,278,M_ID_435c8b0e2e,2,-0.60866389,2018-02-10 19:01:58,5.0,5,37
Y,C_ID_4a97be79d1,69,N,1,B,278,M_ID_f86439cec0,1,-0.7206114,2018-01-31 22:06:59,1.0,9,37
Y,C_ID_4a97be79d1,69,N,1,B,642,M_ID_725a60d404,2,-0.58161617,2018-02-15 10:17:57,1.0,9,33
Y,C_ID_4a97be79d1,289,N,1,B,80,M_ID_a3811e0f3e,1,-0.71099443,2018-01-17 19:36:35,5.0,5,37
Y,C_ID_4a97be79d1,51,N,1,B,705,M_ID_7379a348db,1,-0.60265328,2018-01-13 10:19:11,1.0,16,33
Y,C_ID_4a97be79d1,289,N,1,B,80,M_ID_87f1f51854,1,-0.61897207,2018-01-17 19:27:02,5.0,5,37
Y,C_ID_4a97be79d1,289,N,1,B,307,M_ID_80fbf90d85,1,-0.72436803,2018-01-17 13:34:59,5.0,5,19
Y,C_ID_4a97be79d1,69,N,1,B,561,M_ID_50f575c681,2,-0.71583297,2018-02-19 09:46:50,1.0,9,7
Y,C_ID_53b01c745d,209,N,1,B,307,M_ID_533c426021,1,-0.7210622,2018-03-03 16:09:35,1.0,9,19
Y,C_ID_53b01c745d,209,N,1,B,360,M_ID_04432321aa,2,-0.73488659,2018-04-13 23:24:18,1.0,9,34
Y,C_ID_53b01c745d,209,N,1,B,411,M_ID_a84008ff9d,2,-0.29611244,2018-04-17 12:19:03,1.0,9,21
Y,C_ID_53b01c745d,209,N,1,B,818,M_ID_efd85d1f38,2,-0.65073812,2018-04-15 01:23:21,1.0,9,12
Y,C_ID_53b01c745d,233,N,1,B,80,M_ID_68882db137,1,-0.64172221,2018-03-17 22:56:20,1.0,9,37
Y,C_ID_53b01c745d,209,N,1,B,705,M_ID_2dfcfb1c02,1,-0.64971632,2018-03-15 06:27:06,1.0,9,33
Y,C_ID_53b01c745d,209,N,1,B,705,M_ID_88df5319c5,2,-0.73986036,2018-04-18 06:47:38,1.0,9,33
Y,C_ID_53b01c745d,209,N,1,B,511,M_ID_bd38e5a9e6,2,-0.72887598,2018-04-11 19:03:12,1.0,9,7
Y,C_ID_365e57087b,137,N,1,B,437,M_ID_7f4ee3873c,1,-0.11094074,2018-01-17 11:01:10,3.0,19,15
Y,C_ID_365e57087b,137,N,1,B,278,M_ID_8dac30e58d,1,-0.4974677,2018-01-07 01:27:05,3.0,19,37
Y,C_ID_365e57087b,69,N,1,B,884,M_ID_97ddb0daf1,1,-0.5560711,2018-01-21 13:43:09,1.0,9,27
Y,C_ID_365e57087b,69,N,1,B,842,M_ID_8e7c676f6f,1,-0.38627151,2018-01-21 03:18:55,1.0,9,37
Y,C_ID_365e57087b,69,N,3,C,884,M_ID_d98ad63c34,1,-0.04366704,2018-01-21 15:30:01,1.0,9,27
Y,C_ID_365e57087b,69,N,1,B,884,M_ID_d8df2b326d,1,-0.59814533,2018-01-21 15:56:44,1.0,9,27
Y,C_ID_365e57087b,147,N,1,B,451,M_ID_165ff0ec94,1,-0.6266957,2018-01-01 16:32:05,3.0,19,7
Y,C_ID_365e57087b,137,N,4,C,434,M_ID_c16f3e0d10,1,0.50630329,2018-01-11 18:00:59,3.0,19,32
Y,C_ID_365e57087b,137,N,1,B,278,M_ID_bc5eb4c2db,1,-0.42624203,2018-01-13 15:01:42,3.0,19,37
Y,C_ID_365e57087b,-1,Y,1,B,561,M_ID_ec24d672a3,1,-0.6659149,2018-01-13 00:44:20,,-1,7
Y,C_ID_365e57087b,137,N,1,B,130,,1,-0.64172221,2018-01-19 16:02:26,3.0,19,41
Y,C_ID_365e57087b,69,N,1,B,278,M_ID_096bf4c5b4,1,-0.68747794,2018-01-21 12:28:49,1.0,9,37
Y,C_ID_365e57087b,137,N,-1,,19,M_ID_fece5d7e49,1,2.25689191,2018-01-17 12:38:52,3.0,19,36
Y,C_ID_365e57087b,-1,Y,1,B,879,M_ID_ef87dd1879,1,-0.07071476,2018-01-13 19:07:12,,-1,29
Y,C_ID_2f08b38179,107,N,1,B,307,M_ID_63f69bc574,1,-0.59664268,2017-07-21 09:57:40,4.0,4,19
Y,C_ID_2f08b38179,212,N,1,B,705,M_ID_13cb138513,1,-0.7214078,2017-07-24 12:56:33,4.0,4,33
Y,C_ID_2f08b38179,107,N,1,B,683,M_ID_cd17b3a339,2,-0.66406664,2017-08-07 12:50:51,4.0,4,34
Y,C_ID_2f08b38179,-1,Y,1,B,755,M_ID_8fadd601d2,1,-0.68997234,2017-07-25 18:18:48,,-1,8
Y,C_ID_2f08b38179,212,N,10,C,840,M_ID_cdefbf5fe0,1,0.49127678,2017-07-25 18:23:57,4.0,4,20
Y,C_ID_2f08b38179,107,N,1,B,307,M_ID_b0c01fca75,1,-0.70029556,2017-07-19 14:23:14,4.0,4,19
Y,C_ID_2f08b38179,212,N,1,B,307,M_ID_0b7b2f3393,1,-0.64172221,2017-07-24 13:42:50,4.0,4,19
Y,C_ID_2f08b38179,212,N,2,C,19,M_ID_3c517ab947,1,-0.54555254,2017-07-25 16:39:12,4.0,4,36
Y,C_ID_2f08b38179,107,N,1,B,222,M_ID_3df6c7b4c0,1,0.53485366,2017-07-21 14:46:06,4.0,4,21
Y,C_ID_8b00cecae9,88,N,1,B,834,M_ID_3dcb422901,1,-0.41636962,2017-08-31 18:18:06,1.0,16,27
Y,C_ID_8b00cecae9,60,N,1,B,422,M_ID_b52f73f595,1,-0.44637756,2017-08-31 16:42:20,1.0,16,27
Y,C_ID_8b00cecae9,331,N,1,B,557,M_ID_2a7b390817,2,-0.61181945,2017-09-05 18:58:16,1.0,16,29
Y,C_ID_ecd44f7d4f,189,N,2,C,302,M_ID_e8205e37ae,1,-0.25506001,2018-03-18 23:00:55,1.0,9,22
Y,C_ID_ecd44f7d4f,-1,Y,1,B,879,M_ID_9139332ccc,2,-0.65841667,2018-04-17 12:37:52,,-1,29
Y,C_ID_d6d480d655,47,N,0,A,273,M_ID_15b5e07c0a,1,-0.71685477,2017-12-06 11:28:35,1.0,16,20
Y,C_ID_d6d480d655,47,N,0,A,108,M_ID_c815a0d7c6,1,-0.68680175,2017-12-07 15:13:26,1.0,16,34
Y,C_ID_d6d480d655,47,N,0,A,560,M_ID_1160be4949,1,-0.73608871,2017-12-06 15:39:23,1.0,16,34
Y,C_ID_d6d480d655,47,N,0,A,506,M_ID_8e2c93ae86,1,-0.70486362,2017-12-07 13:27:58,1.0,16,30
Y,C_ID_634b031aef,69,N,1,B,80,M_ID_575be1a602,2,-0.67778584,2018-03-08 21:07:27,1.0,9,37
Y,C_ID_634b031aef,69,N,1,B,68,M_ID_f43ea42f4f,1,-0.61181945,2018-02-23 13:33:00,1.0,9,27
Y,C_ID_634b031aef,69,N,1,B,307,M_ID_219b6907f5,2,-0.67177524,2018-03-08 20:03:49,1.0,9,19
Y,C_ID_634b031aef,69,N,1,B,884,M_ID_d13262f4b0,1,-0.73939454,2018-02-17 18:53:05,1.0,9,27
Y,C_ID_634b031aef,69,N,1,B,80,M_ID_5ba019a379,2,-0.69581766,2018-03-14 19:25:34,1.0,9,37
Y,C_ID_634b031aef,69,N,1,B,307,M_ID_82006fe525,2,-0.67177524,2018-03-19 08:07:51,1.0,9,19
Y,C_ID_634b031aef,69,N,1,B,307,M_ID_63c84bcf37,1,-0.74014587,2018-02-17 15:21:48,1.0,9,19
Y,C_ID_634b031aef,69,N,1,B,511,M_ID_b794b9d9e8,1,-0.73188128,2018-02-17 16:32:00,1.0,9,7
Y,C_ID_634b031aef,69,N,1,B,606,M_ID_cd2c0b07e9,1,-0.53803928,2018-02-15 06:35:45,1.0,9,17
Y,C_ID_634b031aef,69,N,1,B,307,M_ID_aaf25f4c83,2,-0.65674872,2018-03-10 16:08:43,1.0,9,19
Y,C_ID_634b031aef,69,N,1,B,45,M_ID_c790282a8e,2,-0.49228355,2018-03-01 17:21:26,1.0,9,18
Y,C_ID_634b031aef,69,N,1,B,222,M_ID_61fae716f1,2,-0.62849888,2018-03-17 08:14:27,1.0,9,21
Y,C_ID_634b031aef,69,N,1,B,560,M_ID_940fb4498f,1,-0.64923547,2018-02-23 18:45:42,1.0,9,34
Y,C_ID_841c37a549,299,N,1,B,309,M_ID_c7826bcf0a,1,-0.66576463,2017-10-31 11:59:44,1.0,9,21
Y,C_ID_841c37a549,299,N,1,B,307,M_ID_2751923d8e,2,-0.55156314,2017-11-06 19:54:35,1.0,9,19
Y,C_ID_841c37a549,299,N,1,B,783,M_ID_658c25c5b5,2,-0.49897035,2017-11-04 00:00:00,1.0,9,19
Y,C_ID_841c37a549,163,N,1,B,278,M_ID_dbb5df46e8,2,-0.60415593,2017-11-10 00:00:00,1.0,9,37
Y,C_ID_841c37a549,299,N,1,B,367,M_ID_f2e8e16ddb,1,-0.67757547,2017-10-27 23:36:25,1.0,9,16
Y,C_ID_841c37a549,163,N,1,B,278,M_ID_dbb5df46e8,2,-0.71835742,2017-11-10 00:00:00,1.0,9,37
Y,C_ID_841c37a549,299,N,1,B,705,M_ID_f323fc3ad1,1,-0.58729619,2017-10-31 00:00:00,1.0,9,33
Y,C_ID_841c37a549,-1,Y,2,C,879,M_ID_9139332ccc,1,-0.32257413,2017-10-28 11:56:15,,-1,29
Y,C_ID_841c37a549,299,N,1,B,557,M_ID_3bb4c20fa9,2,-0.629701,2017-11-03 18:48:15,1.0,9,29
Y,C_ID_0449e00615,90,N,0,A,683,,2,-0.71685477,2018-01-15 16:10:02,1.0,15,34
Y,C_ID_0449e00615,90,N,0,A,307,M_ID_e79b47f520,1,-0.71685477,2017-12-22 14:33:58,1.0,15,19
Y,C_ID_0449e00615,290,N,0,A,367,M_ID_3a8616e829,2,-0.71685477,2018-01-26 17:26:44,1.0,15,16
Y,C_ID_0449e00615,290,N,0,A,80,M_ID_25e8f07e36,2,-0.71685477,2018-01-03 19:16:10,1.0,15,37
Y,C_ID_0449e00615,158,N,0,A,307,M_ID_be1f132d8b,2,-0.52151012,2018-01-12 02:55:30,1.0,15,19
Y,C_ID_1547e87f61,17,N,0,A,560,M_ID_7eb4c258a7,1,-0.73413526,2018-01-03 13:11:58,4.0,22,34
Y,C_ID_1547e87f61,17,N,0,A,705,M_ID_f211436fe0,1,-0.73243726,2018-01-16 17:12:55,4.0,22,33
Y,C_ID_1547e87f61,17,N,0,A,511,M_ID_235fba1cce,1,-0.70182826,2018-01-26 12:42:00,4.0,22,7
Y,C_ID_1547e87f61,17,N,0,A,367,M_ID_d13dca0eb3,1,-0.70197853,2018-01-18 12:24:12,4.0,22,16
Y,C_ID_1547e87f61,17,N,0,A,683,M_ID_32989f6032,1,-0.73638924,2018-01-27 08:38:15,4.0,22,34
Y,C_ID_1547e87f61,17,N,0,A,80,M_ID_a23b644c8d,1,-0.69747057,2018-01-02 18:00:31,4.0,22,37
Y,C_ID_1547e87f61,17,N,0,A,278,M_ID_c149eba8ec,1,-0.68740281,2018-01-28 19:10:24,4.0,22,37
Y,C_ID_1547e87f61,17,N,0,A,278,M_ID_56af42c0ef,1,-0.68680175,2018-01-08 16:22:12,4.0,22,37
Y,C_ID_1547e87f61,17,N,0,A,506,M_ID_360a42e847,1,-0.73638924,2018-01-21 15:17:30,4.0,22,30
Y,C_ID_1547e87f61,17,N,0,A,80,,1,-0.73864321,2018-01-12 15:42:38,4.0,22,37
Y,C_ID_1547e87f61,17,N,0,A,178,M_ID_d3b9898adf,2,-0.73638924,2018-02-17 14:09:36,4.0,22,29
Y,C_ID_1547e87f61,17,N,0,A,90,M_ID_bf7d7e89c3,1,-0.74585594,2018-01-31 09:44:01,4.0,22,22
Y,C_ID_1547e87f61,17,N,0,A,705,M_ID_108ba221be,1,-0.73916914,2018-01-20 12:08:16,4.0,22,33
Y,C_ID_1547e87f61,17,N,0,A,554,M_ID_fc744779d1,1,-0.70182826,2018-01-01 02:11:31,4.0,22,25
Y,C_ID_1547e87f61,17,N,0,A,307,M_ID_9c10a91895,2,-0.71685477,2018-02-20 12:24:06,4.0,22,19
Y,C_ID_1547e87f61,17,N,0,A,278,M_ID_c7c4cf7fd2,1,-0.71153539,2018-01-19 13:44:34,4.0,22,37
Y,C_ID_1547e87f61,17,N,0,A,332,M_ID_5c8040088b,2,-0.52151012,2018-02-16 09:53:17,4.0,22,2
Y,C_ID_1547e87f61,17,N,0,A,111,M_ID_7e2e647be4,1,-0.67327789,2018-01-08 15:48:05,4.0,22,36
Y,C_ID_1547e87f61,17,N,0,A,670,M_ID_ed3e15598f,1,-0.694315,2018-01-13 09:06:55,4.0,22,32
Y,C_ID_bc14f15959,69,N,0,A,367,M_ID_f2c1ea373e,1,-0.72889101,2017-07-16 13:24:48,1.0,9,16
Y,C_ID_bc14f15959,276,N,0,A,451,M_ID_eefcc13882,1,-0.73188128,2017-07-07 08:00:07,1.0,9,7
Y,C_ID_bc14f15959,276,N,0,A,560,M_ID_43906a79cc,1,-0.70979231,2017-07-07 10:17:52,1.0,9,34
Y,C_ID_69e862258d,233,N,0,A,557,M_ID_5599db033e,1,-0.69210611,2017-07-15 21:05:32,1.0,9,29
Y,C_ID_69e862258d,233,N,0,A,419,M_ID_9073663ba6,2,-0.64232327,2017-08-10 18:17:22,1.0,9,1
Y,C_ID_69e862258d,233,N,0,A,557,M_ID_e802ad7469,1,-0.56658965,2017-07-11 16:53:52,1.0,9,29
Y,C_ID_69e862258d,-1,Y,12,C,574,M_ID_7159aca3bf,1,0.42335694,2017-07-26 17:29:04,,-1,22
Y,C_ID_69e862258d,233,N,1,B,68,M_ID_a225855c6f,2,-0.68514883,2017-08-10 09:29:49,1.0,9,27
Y,C_ID_69e862258d,233,N,1,B,774,M_ID_24bf45c934,1,-0.63871691,2017-07-27 09:47:48,1.0,9,29
Y,C_ID_69e862258d,233,N,0,A,278,M_ID_77ce6f3c34,1,-0.71399973,2017-07-20 20:29:13,1.0,9,37
Y,C_ID_69e862258d,233,N,0,A,557,M_ID_0b906f8269,1,-0.68695201,2017-07-11 18:10:38,1.0,9,29
Y,C_ID_69e862258d,233,N,1,B,506,M_ID_c4419b286b,2,-0.62083536,2017-08-01 21:37:42,1.0,9,30
Y,C_ID_69e862258d,272,N,1,B,823,M_ID_150a6d2c22,1,-0.70182826,2017-07-30 14:46:24,1.0,9,25
Y,C_ID_69e862258d,233,N,1,B,422,M_ID_c826314998,2,-0.67928849,2017-08-01 18:42:14,1.0,9,27
Y,C_ID_69e862258d,233,N,0,A,422,M_ID_b3814346ec,1,-0.37127505,2017-07-06 11:20:51,1.0,9,27
Y,C_ID_69e862258d,233,N,0,A,560,M_ID_8bdcd4dcea,1,-0.72301564,2017-07-23 08:10:07,1.0,9,34
Y,C_ID_69e862258d,19,N,0,A,419,M_ID_7b97fc501d,1,-0.70964205,2017-07-23 10:09:54,1.0,9,1
Y,C_ID_69e862258d,233,N,0,A,422,M_ID_edb0b25079,1,-0.65689899,2017-07-24 13:17:28,1.0,9,27
Y,C_ID_561f72888f,160,N,5,C,68,M_ID_7221ee5ab2,1,-0.46140407,2017-11-09 18:37:50,5.0,21,27
Y,C_ID_561f72888f,160,N,6,C,367,M_ID_2b602e6d01,2,-0.48394384,2017-12-07 00:47:59,5.0,21,16
Y,C_ID_c025d5f8a0,331,N,1,B,307,M_ID_c829f8d3bd,1,-0.68680175,2017-08-23 10:37:22,1.0,16,19
Y,C_ID_c025d5f8a0,331,N,1,B,307,M_ID_377a68694b,1,-0.21750876,2017-08-23 13:50:51,1.0,16,19
Y,C_ID_c025d5f8a0,331,N,1,B,307,M_ID_a31f3461aa,2,-0.44637756,2017-09-10 18:44:29,1.0,16,19
Y,C_ID_c025d5f8a0,331,N,1,B,307,M_ID_cbf0853cfd,2,0.40137316,2017-09-12 15:32:23,1.0,16,19
Y,C_ID_3f095e544f,-1,Y,1,B,839,M_ID_e5374dabc0,1,-0.74089719,2018-02-02 19:03:21,,-1,29
Y,C_ID_3f095e544f,69,N,1,B,422,M_ID_112e15a77b,1,-0.70184329,2018-02-01 17:55:47,1.0,9,27
Y,C_ID_3f095e544f,213,N,1,B,560,M_ID_6e545daa45,1,-0.69003245,2018-02-03 12:27:08,1.0,9,34
Y,C_ID_3f095e544f,-1,Y,3,C,111,M_ID_4e0998dc98,1,-0.41782719,2018-02-25 03:15:16,,-1,36
Y,C_ID_3f095e544f,158,N,1,B,68,M_ID_54a517bfd3,1,-0.32616547,2018-02-18 11:45:37,1.0,15,27
Y,C_ID_3f095e544f,69,N,1,B,68,M_ID_4c15635704,1,-0.59679294,2018-02-01 08:42:10,1.0,9,27
Y,C_ID_3f095e544f,69,N,1,B,469,M_ID_43dbf190fa,1,-0.70182826,2018-02-01 15:45:59,1.0,9,25
Y,C_ID_3f095e544f,158,N,1,B,278,M_ID_2196c56d89,1,-0.55757375,2018-02-16 23:14:38,1.0,15,37
Y,C_ID_3f095e544f,212,N,1,B,705,M_ID_6c86c6f9b9,1,-0.39303344,2018-02-04 18:17:44,4.0,4,33
Y,C_ID_3f095e544f,212,N,1,B,462,M_ID_c967ca147a,1,-0.66876993,2018-02-03 15:46:05,4.0,4,31
Y,C_ID_3f095e544f,69,N,1,B,367,M_ID_0f5fd331f8,1,-0.68074606,2018-02-01 11:42:26,1.0,9,16
Y,C_ID_3f095e544f,69,N,1,B,885,M_ID_c2920ec4b9,1,-0.73789189,2018-02-01 23:42:04,1.0,9,12
Y,C_ID_3f095e544f,212,N,1,B,705,M_ID_9537310295,1,-0.68543434,2018-02-15 13:34:19,4.0,4,33
Y,C_ID_3f095e544f,69,N,1,B,80,M_ID_a3894ff7f4,1,-0.72887598,2018-02-01 15:24:38,1.0,9,37
Y,C_ID_3f095e544f,69,N,1,B,298,M_ID_633e759432,1,-0.371245,2018-02-02 12:44:48,1.0,9,10
Y,C_ID_3f095e544f,158,N,1,B,278,,1,-0.59964798,2018-02-17 12:12:14,1.0,15,37
Y,C_ID_3f095e544f,-1,Y,1,B,411,M_ID_8d6f7ab1d7,1,-0.6932932,2018-02-24 09:10:03,,-1,21
Y,C_ID_3f095e544f,69,N,1,B,367,M_ID_60606f6e2c,1,-0.72777905,2018-02-02 09:05:36,1.0,9,16
Y,C_ID_3f095e544f,107,N,1,B,360,M_ID_07128ae0ff,1,-0.67928849,2018-02-22 15:31:39,4.0,4,34
Y,C_ID_3f095e544f,69,N,1,B,560,M_ID_b202ee6cd5,1,-0.73054392,2018-02-02 11:01:29,1.0,9,34
Y,C_ID_3f095e544f,69,N,1,B,427,M_ID_c18f09ca4c,1,0.82937329,2018-02-01 11:12:11,1.0,9,27
Y,C_ID_3f095e544f,-1,Y,6,C,879,M_ID_ef87dd1879,1,0.22735112,2018-02-24 12:51:14,,-1,29
Y,C_ID_3f095e544f,-1,Y,1,B,661,M_ID_fc7d7969c3,1,-0.74540514,2018-02-25 19:22:23,,-1,8
Y,C_ID_3f095e544f,212,N,1,B,278,M_ID_f95398b7d4,1,-0.73714056,2018-02-05 10:22:02,4.0,4,37
Y,C_ID_3f095e544f,52,N,1,B,307,M_ID_8397dfff0d,1,-0.46549128,2018-02-15 10:00:11,4.0,4,19
Y,C_ID_3f095e544f,-1,Y,2,C,690,M_ID_96ba3c7b60,1,-0.54743085,2018-02-25 03:35:29,,-1,1
Y,C_ID_3f095e544f,212,N,1,B,560,M_ID_ae5c082009,1,-0.55500421,2018-02-04 14:06:08,4.0,4,34
Y,C_ID_380354d2fc,-1,Y,2,C,690,M_ID_d741fd4116,1,-0.37704523,2018-02-14 14:40:34,,-1,1
Y,C_ID_380354d2fc,158,N,1,B,839,M_ID_50076f761c,2,-0.70197853,2018-03-07 01:16:43,1.0,15,29
Y,C_ID_380354d2fc,1,N,1,B,884,M_ID_e0b595af46,1,-0.70182826,2018-02-19 18:08:06,1.0,12,27
Y,C_ID_72f5bcf983,20,N,0,A,307,M_ID_e5b8cb28ca,2,-0.67177524,2018-04-23 10:57:22,3.0,19,19
Y,C_ID_1400c5d8e0,137,N,1,B,529,M_ID_1a3f9da8c2,2,26.65387636,2018-03-14 13:14:13,3.0,19,20
Y,C_ID_1400c5d8e0,-1,Y,1,B,879,M_ID_b9dcf28cb9,1,-0.74615647,2018-02-04 01:19:44,,-1,29
Y,C_ID_1400c5d8e0,147,N,1,B,411,M_ID_7988484641,1,4.06157598,2018-02-16 14:21:23,3.0,19,21
Y,C_ID_1400c5d8e0,147,N,1,B,667,M_ID_1067548b3c,1,0.82028225,2018-02-16 13:21:00,3.0,19,21
Y,C_ID_1400c5d8e0,137,N,1,B,842,M_ID_82c0044a6b,1,-0.56658965,2018-02-10 12:43:17,3.0,19,37
Y,C_ID_1400c5d8e0,69,N,2,C,879,M_ID_ef87dd1879,2,6.77712211,2018-03-23 13:28:33,1.0,9,29
Y,C_ID_14c671c101,-1,Y,5,C,422,M_ID_db8a1bd709,1,0.02668708,2017-12-05 17:52:27,,-1,27
Y,C_ID_14c671c101,322,N,-1,,68,M_ID_9b5f4308c0,1,-0.49160736,2017-12-11 11:52:48,5.0,5,27
Y,C_ID_14c671c101,322,N,1,B,307,M_ID_5d17b5fc5a,1,-0.73939454,2017-12-17 19:10:16,3.0,7,19
Y,C_ID_14c671c101,-1,Y,4,C,511,M_ID_e4c461b099,2,-0.35183075,2018-01-05 14:22:27,,-1,7
Y,C_ID_9425eabd18,330,N,0,A,307,M_ID_935e11eef6,2,-0.66876993,2018-03-08 19:47:11,3.0,17,19
Y,C_ID_9425eabd18,330,N,0,A,307,M_ID_1f718b9911,2,-0.59664268,2018-03-15 20:03:17,3.0,17,19
Y,C_ID_9425eabd18,30,N,0,A,705,M_ID_9935e78933,2,-0.6246521,2018-03-08 18:13:35,3.0,17,33
Y,C_ID_24be0471d6,-1,Y,10,C,544,M_ID_3111c6df35,1,1.38829942,2018-02-06 12:29:23,,-1,29
Y,C_ID_24be0471d6,-1,Y,5,C,879,M_ID_9139332ccc,2,-0.02713788,2018-03-31 21:24:20,,-1,29
Y,C_ID_9cf88ca037,69,N,1,B,818,M_ID_ede82bc9e6,1,-0.62671073,2017-10-22 00:00:00,1.0,9,12
Y,C_ID_9cf88ca037,69,N,1,B,437,M_ID_ca4d18b336,1,-0.60310408,2017-10-20 22:35:28,1.0,9,15
Y,C_ID_9cf88ca037,69,N,1,B,307,M_ID_fddd7b5698,1,-0.73188128,2017-10-25 00:00:00,1.0,9,19
Y,C_ID_9cf88ca037,69,N,1,B,367,M_ID_3f3084da59,1,-0.69724517,2017-10-25 00:54:05,1.0,9,16
Y,C_ID_9cf88ca037,69,N,1,B,683,M_ID_af3e335d45,1,-0.73789189,2017-10-12 20:30:15,1.0,9,34
Y,C_ID_9cf88ca037,69,N,1,B,108,M_ID_bcc0f67898,1,-0.69614824,2017-10-25 15:57:50,1.0,9,34
Y,C_ID_9cf88ca037,69,N,1,B,454,M_ID_91d88d8f7f,1,-0.73338393,2017-10-25 00:35:38,1.0,9,39
Y,C_ID_9cf88ca037,69,N,1,B,560,M_ID_34331cd6c0,1,-0.74179878,2017-10-19 23:35:55,1.0,9,34
Y,C_ID_9cf88ca037,69,N,4,C,434,M_ID_d5c94df60e,1,-0.20745602,2017-10-24 15:12:32,1.0,9,32
Y,C_ID_9cf88ca037,69,N,1,B,879,M_ID_00a6ca8a8a,1,-0.73638924,2017-10-19 23:50:25,1.0,9,29
Y,C_ID_9cf88ca037,106,N,1,B,80,M_ID_32b8bc3857,1,-0.63169953,2017-10-24 00:38:05,1.0,9,37
Y,C_ID_44cbaf67ef,137,N,1,B,307,M_ID_60b61440e2,2,-0.67177524,2017-08-13 11:37:14,3.0,19,19
Y,C_ID_44cbaf67ef,19,N,3,C,356,M_ID_e67a35555e,1,-0.01956452,2017-07-13 09:06:43,1.0,9,21
Y,C_ID_44cbaf67ef,137,N,1,B,607,M_ID_41d9af7792,2,-0.59667273,2017-08-13 15:34:21,3.0,19,29
Y,C_ID_44cbaf67ef,137,N,1,B,278,M_ID_239e728544,1,-0.64172221,2017-07-14 12:52:19,3.0,19,37
Y,C_ID_44cbaf67ef,137,N,2,C,607,M_ID_ca283c9699,2,-0.44640761,2017-08-13 15:29:27,3.0,19,29
Y,C_ID_44cbaf67ef,137,N,2,C,373,M_ID_becd48fb4e,2,-0.61166919,2017-08-14 12:23:08,3.0,19,18
Y,C_ID_44cbaf67ef,137,N,1,B,309,M_ID_9fd62d4bb0,1,-0.70633621,2017-07-15 11:36:29,3.0,19,21
Y,C_ID_30eb1e4393,246,N,0,A,842,M_ID_94dbf7bf5a,1,-0.71084417,2017-12-27 20:11:08,3.0,1,37
Y,C_ID_f1ffae6fb2,117,N,0,A,307,M_ID_4652fe37b1,1,-0.53653663,2018-01-16 13:17:56,4.0,13,19
Y,C_ID_dcadc2486d,158,N,1,B,307,M_ID_63e443987a,1,-0.71685477,2018-01-16 15:01:37,1.0,15,19
Y,C_ID_dcadc2486d,158,N,1,B,705,M_ID_3f644b8667,1,-0.72242961,2018-01-27 20:47:39,1.0,15,33
Y,C_ID_dcadc2486d,-1,Y,1,B,554,M_ID_0b8ed0c2b0,2,-0.69897322,2018-02-28 14:46:11,,-1,25
Y,C_ID_dcadc2486d,158,N,1,B,842,M_ID_a4d7e75e77,1,-0.67177524,2018-01-26 01:34:50,1.0,15,37
Y,C_ID_dcadc2486d,69,N,1,B,606,M_ID_cd2c0b07e9,2,-0.72436803,2018-02-15 19:42:01,1.0,9,17
Y,C_ID_dcadc2486d,158,N,1,B,108,M_ID_1b77093b22,1,-0.72737333,2018-01-24 22:38:38,1.0,15,34
Y,C_ID_dcadc2486d,158,N,1,B,278,M_ID_5b2dc61fa4,2,-0.67976934,2018-02-19 14:22:59,1.0,15,37
Y,C_ID_dcadc2486d,158,N,1,B,683,,1,-0.73338393,2018-01-24 22:05:56,1.0,15,34
Y,C_ID_dcadc2486d,158,N,1,B,307,M_ID_dd4dba9556,1,-0.71835742,2018-01-10 13:07:29,1.0,15,19
Y,C_ID_dcadc2486d,158,N,1,B,560,M_ID_4ce719e7c2,1,-0.7298527,2018-01-12 15:47:00,1.0,15,34
Y,C_ID_dcadc2486d,158,N,1,B,80,M_ID_a9430074ad,2,-0.73488659,2018-02-19 17:32:24,1.0,15,37
Y,C_ID_dcadc2486d,158,N,1,B,80,M_ID_6f3209078b,1,-0.70874046,2018-01-24 18:35:17,1.0,15,37
Y,C_ID_dcadc2486d,158,N,1,B,307,M_ID_c8911208f2,1,-0.72424782,2018-01-24 09:58:05,1.0,15,19
Y,C_ID_dcadc2486d,158,N,1,B,278,M_ID_143a687c7f,1,-0.72046113,2018-01-27 22:00:42,1.0,15,37
Y,C_ID_dcadc2486d,158,N,1,B,683,M_ID_24cc57711f,2,-0.71087422,2018-02-25 16:43:37,1.0,15,34
Y,C_ID_dcadc2486d,158,N,1,B,80,M_ID_ff42d81e49,1,-0.66726728,2018-01-25 01:43:46,1.0,15,37
Y,C_ID_dcadc2486d,158,N,1,B,683,M_ID_4d578a7a4e,1,-0.6883044,2018-01-17 23:29:04,1.0,15,34
Y,C_ID_dcadc2486d,158,N,1,B,80,M_ID_1a9ea6bb51,2,-0.69882296,2018-02-26 19:21:02,1.0,15,37
Y,C_ID_87bfe4f72c,-1,N,10,C,840,M_ID_b054338cf6,2,1.05627362,2017-11-07 19:29:18,,-1,20
Y,C_ID_87bfe4f72c,-1,N,3,C,703,M_ID_c75d4bbe2d,2,-0.54855784,2017-11-11 22:30:04,,-1,29
Y,C_ID_87bfe4f72c,-1,N,6,C,531,M_ID_6f9b3a180b,2,0.03606363,2017-11-05 20:06:33,,-1,27
Y,C_ID_87bfe4f72c,-1,N,1,B,705,M_ID_cf5ba8d9fe,1,-0.56953485,2017-10-06 22:53:19,,-1,33
Y,C_ID_87bfe4f72c,-1,N,3,C,206,M_ID_b1e933b69c,1,-0.28709653,2017-10-04 21:11:30,,-1,1
Y,C_ID_87bfe4f72c,-1,N,1,B,278,M_ID_6f3565ceab,1,-0.58905429,2017-10-14 01:13:20,,-1,37
Y,C_ID_87bfe4f72c,-1,N,2,C,518,M_ID_d51c85ff83,1,-0.69889809,2017-10-07 15:48:13,,-1,27
Y,C_ID_87bfe4f72c,-1,N,1,B,108,M_ID_0b0e5b5fea,1,-0.61254073,2017-10-04 21:58:10,,-1,34
Y,C_ID_87bfe4f72c,-1,N,1,B,842,M_ID_8750ade8f3,2,-0.62082033,2017-11-04 00:00:00,,-1,37
Y,C_ID_87bfe4f72c,-1,N,8,C,884,M_ID_5b12545f22,2,0.59661262,2017-11-05 19:09:48,,-1,27
Y,C_ID_87bfe4f72c,-1,N,2,C,367,M_ID_5f1aafacad,1,-0.67177524,2017-10-10 00:27:22,,-1,16
Y,C_ID_87bfe4f72c,-1,N,1,B,80,M_ID_540344039a,1,-0.62098563,2017-10-12 18:05:38,,-1,37
Y,C_ID_a50e700395,331,N,1,B,818,M_ID_2c98dbd7d8,1,-0.68980705,2017-08-14 16:32:29,1.0,16,12
Y,C_ID_a50e700395,88,N,1,B,705,M_ID_c8f15345a9,1,-0.73060403,2017-08-20 11:52:09,1.0,16,33
Y,C_ID_a50e700395,88,N,1,B,774,M_ID_232ee19950,1,-0.71685477,2017-08-20 11:56:42,1.0,16,29
Y,C_ID_a50e700395,88,N,1,B,307,M_ID_c7d8fa1022,1,-0.71685477,2017-08-14 20:00:39,1.0,16,19
Y,C_ID_a50e700395,88,N,1,B,307,M_ID_b18e145247,1,-0.7213477,2017-08-07 14:13:08,1.0,16,19
Y,C_ID_a50e700395,88,N,3,C,45,M_ID_93f89c5619,1,-0.47643058,2017-08-08 17:26:39,1.0,16,18
Y,C_ID_a50e700395,158,N,4,C,651,M_ID_54c4986d86,1,0.36813451,2017-08-04 11:41:12,1.0,15,2
Y,C_ID_a50e700395,88,N,1,B,108,M_ID_c3a3ff23b3,1,-0.7195896,2017-08-20 12:09:11,1.0,16,34
Y,C_ID_a50e700395,88,N,1,B,511,M_ID_e23376392d,1,-0.71685477,2017-08-20 12:14:42,1.0,16,7
Y,C_ID_a50e700395,88,N,3,C,623,M_ID_e25661a63c,1,-0.29611244,2017-08-10 20:10:33,1.0,16,4
Y,C_ID_a50e700395,69,N,1,B,642,M_ID_7ce96c351a,1,-0.70333091,2017-08-14 20:35:55,1.0,9,33
Y,C_ID_a50e700395,88,N,1,B,511,M_ID_55bdfa5971,1,-0.7042325,2017-08-20 12:04:48,1.0,16,7
Y,C_ID_a50e700395,88,N,2,C,45,M_ID_cf54dbc620,1,-0.54555254,2017-08-07 14:09:17,1.0,16,18
Y,C_ID_6cd799f476,42,N,0,A,529,M_ID_196ba4661d,1,-0.70182826,2018-03-19 13:03:54,3.0,19,20
Y,C_ID_6cd799f476,20,N,0,A,278,M_ID_16b4e56aec,1,-0.7236167,2018-03-16 13:41:43,3.0,19,37
Y,C_ID_7492644d6d,69,N,1,B,574,M_ID_c470fbcfb9,2,-0.53773875,2018-03-06 23:52:19,1.0,9,22
Y,C_ID_7492644d6d,-1,Y,1,B,111,M_ID_92dd72b674,2,-0.73153567,2018-03-03 05:49:13,,-1,36
Y,C_ID_7492644d6d,19,N,1,B,683,M_ID_7c5e93af2f,1,-0.65524607,2018-02-16 18:48:56,1.0,9,34
Y,C_ID_7492644d6d,19,N,1,B,560,M_ID_d8e0d42e4b,1,-0.71550239,2018-02-21 14:46:35,1.0,9,34
Y,C_ID_fc4c38ac8a,168,N,1,B,705,M_ID_eba9b52f08,2,-0.73339896,2018-03-10 17:18:01,1.0,9,33
Y,C_ID_fc4c38ac8a,168,N,1,B,307,M_ID_ad8b4daaa4,2,-0.72436803,2018-03-13 19:31:02,1.0,9,19
Y,C_ID_fc4c38ac8a,19,N,1,B,631,M_ID_0c04c5570e,2,-0.68680175,2018-03-09 20:24:53,1.0,9,25
Y,C_ID_ea6a05a6d7,76,N,0,A,536,M_ID_7aabfbce06,1,-0.73789189,2018-03-23 17:42:21,3.0,2,31
Y,C_ID_ea6a05a6d7,76,N,0,A,68,M_ID_3d88f269c2,2,-0.46155434,2018-04-14 06:15:15,3.0,2,27
Y,C_ID_ea6a05a6d7,158,N,0,A,348,M_ID_efca019e35,2,-0.68680175,2018-04-14 20:42:49,1.0,15,35
Y,C_ID_ea6a05a6d7,76,N,0,A,367,M_ID_34e28eac96,2,-0.59003101,2018-04-13 17:39:05,3.0,2,16
Y,C_ID_ea6a05a6d7,76,N,0,A,690,M_ID_148b18cf22,1,-0.71242195,2018-03-23 20:58:13,3.0,2,1
Y,C_ID_ea6a05a6d7,-1,Y,0,A,661,M_ID_fc7d7969c3,2,-0.74689277,2018-04-15 13:29:58,,-1,8
Y,C_ID_ea6a05a6d7,76,N,0,A,273,M_ID_5374127379,2,-0.53653663,2018-04-17 16:49:32,3.0,2,20
Y,C_ID_3d85db89cd,17,N,-1,,813,M_ID_575332ee81,1,-0.26605942,2018-02-09 09:49:28,4.0,22,29
Y,C_ID_3d85db89cd,17,N,1,B,506,M_ID_360a42e847,1,-0.71685477,2018-02-07 12:09:51,4.0,22,30
Y,C_ID_3d85db89cd,17,N,1,B,705,M_ID_7b1e8fc990,1,-0.69649385,2018-02-04 14:21:50,4.0,22,33
Y,C_ID_3d85db89cd,17,N,1,B,705,M_ID_7be6e8777f,1,-0.72874074,2018-02-07 07:41:23,4.0,22,33
Y,C_ID_3d85db89cd,17,N,1,B,307,M_ID_f416f2710c,1,-0.59664268,2018-02-16 08:37:27,4.0,22,19
Y,C_ID_3d85db89cd,17,N,1,B,307,M_ID_109a493327,1,-0.6266957,2018-02-05 19:30:25,4.0,22,19
Y,C_ID_e89c04d93d,19,N,0,A,80,M_ID_ffc7261e4e,1,-0.64322486,2017-09-09 01:08:15,1.0,9,37
Y,C_ID_e89c04d93d,297,N,0,A,68,M_ID_b41e93792a,1,-0.60415593,2017-09-03 18:23:20,1.0,9,27
Y,C_ID_e89c04d93d,19,N,0,A,367,M_ID_3fd18f8f35,1,-0.7131883,2017-09-07 23:28:11,1.0,9,16
Y,C_ID_e89c04d93d,297,N,0,A,884,M_ID_b19ab1c97e,1,-0.46350778,2017-09-03 19:15:38,1.0,9,27
Y,C_ID_e89c04d93d,297,N,0,A,884,M_ID_b7eb2c8d79,1,-0.66277436,2017-09-03 17:38:28,1.0,9,27
Y,C_ID_e89c04d93d,69,N,0,A,561,M_ID_50f575c681,1,-0.73939454,2017-09-29 22:55:59,1.0,9,7
Y,C_ID_e89c04d93d,297,N,0,A,884,M_ID_5551d6ab83,1,-0.29623265,2017-09-03 18:09:02,1.0,9,27
Y,C_ID_e89c04d93d,297,N,0,A,884,M_ID_52052da5c9,1,-0.62699623,2017-09-03 19:47:10,1.0,9,27
Y,C_ID_e89c04d93d,19,N,0,A,705,M_ID_e7de88ebbc,1,-0.73939454,2017-09-16 17:45:46,1.0,9,33
Y,C_ID_e89c04d93d,19,N,0,A,307,M_ID_796ee854c9,2,-0.72211405,2017-10-08 15:16:28,1.0,9,19
Y,C_ID_e89c04d93d,19,N,0,A,683,M_ID_f466c2df91,1,-0.58674021,2017-09-06 21:35:59,1.0,9,34
Y,C_ID_e89c04d93d,19,N,0,A,19,M_ID_166881ab3f,1,-0.7367649,2017-09-29 16:03:56,1.0,9,36
Y,C_ID_2ac41f77b8,140,N,0,A,307,M_ID_a216ec6d06,1,-0.72436803,2018-03-06 11:06:09,1.0,9,19
Y,C_ID_b8e5fef959,69,N,-1,,458,M_ID_d4a306c337,1,0.08538064,2018-01-23 09:27:11,1.0,9,20
Y,C_ID_b8e5fef959,19,N,1,B,842,M_ID_97f0959810,1,-0.73188128,2018-01-26 22:15:52,1.0,9,37
Y,C_ID_054d6b11ef,278,N,0,A,309,M_ID_e3044f64fa,1,-0.68226374,2017-12-09 13:18:05,5.0,5,21
Y,C_ID_054d6b11ef,57,N,0,A,367,M_ID_1e57899243,1,-0.69626845,2017-12-13 16:33:24,5.0,5,16
Y,C_ID_054d6b11ef,344,N,0,A,705,M_ID_ffa2b98132,1,-0.70968713,2017-12-07 17:50:30,2.0,18,33
Y,C_ID_0376eeb1f5,69,N,2,C,222,M_ID_5cea7e02a8,1,0.00441779,2017-12-22 11:14:24,1.0,9,21
Y,C_ID_0b8a7b3bd4,69,N,1,B,879,M_ID_00a6ca8a8a,1,-0.59664268,2018-01-07 00:03:14,1.0,9,29
Y,C_ID_0b8a7b3bd4,333,N,3,C,419,M_ID_57af90d631,1,-0.59664268,2018-01-11 11:53:07,5.0,21,1
Y,C_ID_0b8a7b3bd4,160,N,4,C,793,M_ID_faf0ba7705,1,-0.44637756,2018-01-13 19:29:03,5.0,21,38
Y,C_ID_edf86acb6c,69,N,0,A,414,M_ID_3792a0ff3a,2,-0.38197393,2018-02-10 15:10:28,1.0,9,29
Y,C_ID_edf86acb6c,159,N,0,A,511,M_ID_5570cc156f,2,-0.72812466,2018-02-11 22:23:01,1.0,9,7
Y,C_ID_edf86acb6c,159,N,0,A,80,M_ID_6377dcfbac,2,-0.71159549,2018-02-12 18:42:14,1.0,9,37
Y,C_ID_edf86acb6c,69,N,0,A,307,M_ID_e8bc2bc51e,2,-0.72587068,2018-02-11 00:28:05,1.0,9,19
Y,C_ID_edf86acb6c,159,N,0,A,367,M_ID_ec70993e19,2,-0.70633621,2018-02-12 17:47:20,1.0,9,16
Y,C_ID_edf86acb6c,69,N,0,A,68,M_ID_879f625c89,2,-0.55156314,2018-02-10 14:06:47,1.0,9,27
Y,C_ID_edf86acb6c,69,N,0,A,278,M_ID_f86439cec0,2,-0.67417948,2018-02-10 01:06:37,1.0,9,37
Y,C_ID_e56aaa2eb1,69,N,0,A,307,M_ID_dda6acaee1,2,-0.45085546,2018-04-03 10:01:21,1.0,9,19
Y,C_ID_20facbf637,69,N,1,B,879,M_ID_00a6ca8a8a,1,-0.22097988,2017-12-04 17:31:09,1.0,9,29
Y,C_ID_20facbf637,102,N,10,C,529,M_ID_2e771b5e9c,1,-0.0154172,2017-12-18 17:02:54,2.0,23,20
Y,C_ID_20facbf637,102,N,3,C,45,M_ID_0d1afa99b2,2,-0.22999579,2018-01-03 12:19:32,2.0,23,18
Y,C_ID_20facbf637,102,N,1,B,813,M_ID_28fcfeebab,2,-0.48965391,2018-01-25 17:33:38,2.0,23,29
Y,C_ID_20facbf637,102,N,3,C,273,M_ID_9216295e1e,1,0.14867231,2017-12-07 14:49:58,2.0,23,20
Y,C_ID_20facbf637,102,N,1,B,307,M_ID_2fb026801d,1,-0.60513266,2017-12-01 17:18:05,2.0,23,19
Y,C_ID_20facbf637,102,N,1,B,705,M_ID_4ddd555afb,2,-0.58511734,2018-01-03 20:09:29,2.0,23,33
Y,C_ID_20facbf637,102,N,1,B,411,M_ID_80e8e5e4f9,2,-0.66576463,2018-01-08 19:14:45,2.0,23,21
Y,C_ID_20facbf637,102,N,1,B,2,M_ID_9d44b1fa3b,1,-0.65674872,2017-12-18 17:45:16,2.0,23,20
Y,C_ID_147d4492fd,69,N,1,B,683,M_ID_2637773dd2,1,-0.67778584,2017-11-16 00:46:45,1.0,9,34
Y,C_ID_147d4492fd,69,N,1,B,705,M_ID_34aee4230f,1,-0.49698685,2017-11-01 15:25:48,1.0,9,33
Y,C_ID_147d4492fd,69,N,1,B,33,M_ID_a0c228f362,1,-0.65674872,2017-11-03 17:27:43,1.0,9,29
Y,C_ID_147d4492fd,69,N,1,B,80,M_ID_9688f2dc26,1,-0.72136273,2017-11-04 23:19:36,1.0,9,37
Y,C_ID_147d4492fd,-1,Y,1,B,834,M_ID_29ec8d2ab8,1,-0.58477173,2017-11-07 03:16:29,,-1,27
Y,C_ID_147d4492fd,69,N,1,B,834,M_ID_89d306f9ff,1,-0.66430706,2017-11-04 23:16:06,1.0,9,27
Y,C_ID_0d41261778,155,N,1,B,506,M_ID_660defa092,2,-0.68827435,2018-02-22 09:30:31,1.0,9,30
Y,C_ID_0d41261778,69,N,1,B,879,M_ID_00a6ca8a8a,2,-0.7352322,2018-02-25 12:01:50,1.0,9,29
Y,C_ID_0d41261778,69,N,1,B,606,M_ID_cd2c0b07e9,2,-0.70182826,2018-02-27 15:11:05,1.0,9,17
Y,C_ID_0d41261778,155,N,1,B,80,M_ID_dae9744cd6,2,-0.69957428,2018-02-25 12:15:05,1.0,9,37
Y,C_ID_4ff61c1d5d,331,N,0,A,705,M_ID_6d79d3d31b,1,-0.11958098,2017-11-24 15:20:22,1.0,16,33
Y,C_ID_4ff61c1d5d,60,N,0,A,884,M_ID_b92d3ae54d,1,0.19375184,2017-11-22 23:52:16,1.0,16,27
Y,C_ID_4ff61c1d5d,333,N,0,A,87,M_ID_82402ab7ed,1,0.01035327,2017-11-27 12:13:16,5.0,21,27
Y,C_ID_4ff61c1d5d,331,N,0,A,34,M_ID_f9d1c34802,1,-0.44637756,2017-11-23 00:00:00,1.0,16,38
Y,C_ID_4ff61c1d5d,69,N,0,A,561,M_ID_50f575c681,1,-0.59664268,2017-11-28 11:56:42,1.0,9,7
Y,C_ID_4ff61c1d5d,331,N,0,A,705,M_ID_7ff9cb7e9a,1,-0.59275081,2017-11-24 16:00:41,1.0,16,33
Y,C_ID_4ff61c1d5d,344,N,0,A,705,M_ID_58a5a5bced,1,-0.55531977,2017-11-01 00:00:00,2.0,18,33
Y,C_ID_4ff61c1d5d,331,N,0,A,307,M_ID_cd619d5a60,2,-0.67177524,2017-12-03 19:47:38,1.0,16,19
Y,C_ID_4ff61c1d5d,331,N,0,A,34,M_ID_f9d1c34802,1,-0.10076779,2017-11-23 00:00:00,1.0,16,38
Y,C_ID_4ff61c1d5d,331,N,0,A,307,M_ID_4048761293,1,-0.40427327,2017-11-25 00:00:00,1.0,16,19
Y,C_ID_4ff61c1d5d,60,N,0,A,437,M_ID_91fb2c5e57,1,1.00557417,2017-11-22 23:12:09,1.0,16,15
Y,C_ID_425f9841d9,69,N,1,B,307,M_ID_ea46522b61,1,-0.67177524,2017-06-27 11:22:48,1.0,9,19
Y,C_ID_425f9841d9,333,N,6,C,412,M_ID_0738bd8b18,1,0.72569036,2017-06-23 12:07:44,1.0,9,18
Y,C_ID_425f9841d9,213,N,3,C,411,M_ID_d5480b8421,1,-0.35651902,2017-06-10 10:45:47,1.0,9,21
Y,C_ID_425f9841d9,69,N,1,B,307,M_ID_f58161da47,1,-0.55156314,2017-06-29 09:29:22,1.0,9,19
Y,C_ID_425f9841d9,-1,Y,6,C,550,M_ID_09d7a200d1,1,0.60106047,2017-06-27 09:49:07,,-1,3
Y,C_ID_f7bc86e00e,19,N,1,B,507,M_ID_7f6af5be81,1,-0.71954452,2018-01-08 16:16:16,1.0,9,14
Y,C_ID_f7bc86e00e,-1,Y,1,B,302,M_ID_b9f9332438,2,-0.74505953,2018-02-16 20:06:35,,-1,22
Y,C_ID_f7bc86e00e,149,N,1,B,68,M_ID_ad49138777,2,-0.1193105,2018-02-09 14:53:12,1.0,9,27
Y,C_ID_b06c8306ad,333,N,1,B,705,M_ID_044db7e7ce,1,-0.41261299,2018-01-31 19:03:21,5.0,21,33
Y,C_ID_b06c8306ad,333,N,1,B,367,M_ID_89b935a63a,1,-0.66911554,2018-01-31 16:04:35,5.0,21,16
Y,C_ID_b06c8306ad,-1,Y,1,B,574,M_ID_6f274b9340,2,-0.74089719,2018-02-14 14:38:56,,-1,22
Y,C_ID_b06c8306ad,160,N,1,B,561,M_ID_f2045dd267,2,-0.5103905,2018-02-12 12:23:05,5.0,21,7
Y,C_ID_b06c8306ad,-1,Y,2,C,834,M_ID_29ec8d2ab8,2,-0.17056594,2018-02-15 22:40:40,,-1,27
Y,C_ID_b06c8306ad,69,N,3,C,879,M_ID_00a6ca8a8a,2,-0.50649863,2018-02-10 19:37:04,1.0,9,29
Y,C_ID_b06c8306ad,333,N,1,B,705,M_ID_3184fe8235,2,-0.69342844,2018-02-11 08:44:54,5.0,21,33
Y,C_ID_af8e8c0211,226,N,0,A,299,M_ID_d9544344bf,2,-0.52151012,2018-01-23 16:56:43,1.0,16,41
Y,C_ID_af8e8c0211,226,N,0,A,278,M_ID_2795f4e10d,2,-0.70553981,2018-01-23 12:52:13,1.0,16,37
Y,C_ID_970c16ce36,248,N,1,B,367,M_ID_a4ae7afbf3,2,-0.66725226,2018-01-11 11:40:46,1.0,15,16
Y,C_ID_4eb8352d7e,-1,Y,1,B,506,M_ID_5fb345eca8,1,-0.59814533,2018-01-25 09:01:27,,-1,30
Y,C_ID_4eb8352d7e,108,N,1,B,80,M_ID_79671e1f4a,1,-0.65855191,2018-01-22 19:41:34,1.0,15,37
Y,C_ID_4eb8352d7e,231,N,2,C,489,M_ID_121b2a826c,1,0.91186884,2018-01-25 11:28:07,1.0,9,16
Y,C_ID_1429addec8,22,N,1,B,81,M_ID_6ad7bc678e,1,-0.70032561,2018-03-23 15:11:26,1.0,16,29
Y,C_ID_1429addec8,22,N,1,B,422,M_ID_1423ec13bd,1,-0.59679294,2018-03-05 12:39:46,1.0,16,27
Y,C_ID_1429addec8,22,N,1,B,529,M_ID_7578bffb67,1,-0.65674872,2018-03-14 10:24:52,1.0,16,20
Y,C_ID_1429addec8,22,N,1,B,87,M_ID_5a0f0294fa,1,-0.15546429,2018-03-07 18:24:50,1.0,16,27
Y,C_ID_1429addec8,22,N,1,B,607,M_ID_04c8a4d34f,1,-0.56660468,2018-03-24 16:18:22,1.0,16,29
Y,C_ID_1429addec8,22,N,1,B,813,M_ID_bbe36b4ea8,1,-0.70979231,2018-03-14 13:57:04,1.0,16,29
Y,C_ID_1429addec8,22,N,1,B,518,M_ID_ec1f9d8c1d,1,-0.71009284,2018-03-08 08:14:12,1.0,16,27
Y,C_ID_1429addec8,22,N,1,B,478,M_ID_fade050da8,1,-0.54555254,2018-03-08 11:57:24,1.0,16,7
Y,C_ID_1429addec8,331,N,1,B,278,M_ID_7a9090cbbc,1,-0.70633621,2018-03-02 18:51:33,1.0,16,37
Y,C_ID_1429addec8,22,N,1,B,506,M_ID_d488087680,1,-0.59874639,2018-03-08 10:55:26,1.0,16,30
Y,C_ID_1429addec8,22,N,1,B,68,M_ID_4de7cfbe51,1,-0.55036102,2018-03-07 17:48:21,1.0,16,27
Y,C_ID_1429addec8,22,N,1,B,417,M_ID_d6baefbcc0,1,-0.67177524,2018-03-14 10:35:31,1.0,16,27
Y,C_ID_1429addec8,22,N,3,C,884,M_ID_5d69d93b10,1,0.55318601,2018-03-08 11:05:54,1.0,16,27
Y,C_ID_1429addec8,22,N,1,B,63,M_ID_4f5adc9c3b,1,-0.67222603,2018-03-08 10:48:36,1.0,16,27
Y,C_ID_1429addec8,270,N,1,B,705,M_ID_812d8a200e,1,-0.03675485,2018-03-16 19:37:17,1.0,16,33
Y,C_ID_24bce766f5,158,N,1,B,307,M_ID_db01e62e4b,1,-0.67177524,2018-03-15 11:55:02,1.0,15,19
Y,C_ID_24bce766f5,158,N,1,B,763,M_ID_e9331e3a4e,2,-0.50648361,2018-04-12 19:54:48,1.0,15,36
Y,C_ID_24bce766f5,158,N,-1,,840,M_ID_8bac189abf,1,-0.55156314,2018-03-12 08:06:19,1.0,15,20
Y,C_ID_24bce766f5,158,N,1,B,111,M_ID_42195145ba,1,-0.64187248,2018-03-11 20:26:41,1.0,15,36
Y,C_ID_24bce766f5,158,N,1,B,108,M_ID_1b93ca1ac8,2,0.9673918,2018-04-06 19:31:25,1.0,15,34
Y,C_ID_24bce766f5,158,N,1,B,278,M_ID_96ab2b6f77,2,-0.19268496,2018-04-11 21:20:31,1.0,15,37
Y,C_ID_24bce766f5,-1,Y,3,C,458,M_ID_f266a5820c,2,-0.69581766,2018-04-10 09:54:37,,-1,20
Y,C_ID_24bce766f5,158,N,1,B,14,M_ID_04c8db141b,2,-0.67177524,2018-04-12 20:01:41,1.0,15,31
Y,C_ID_24bce766f5,-1,Y,1,B,706,M_ID_d6e1574a91,1,-0.59694321,2018-03-13 12:59:07,,-1,26
Y,C_ID_24bce766f5,158,N,1,B,278,M_ID_1a5347b321,2,-0.66606516,2018-04-05 21:10:31,1.0,15,37
Y,C_ID_24bce766f5,-1,Y,3,C,637,M_ID_57e97f6546,2,-0.30062039,2018-04-11 13:06:17,,-1,37
Y,C_ID_22d40c59ff,310,N,3,C,813,M_ID_c97b2e90d6,1,-0.40129802,2017-08-10 15:00:11,5.0,5,29
Y,C_ID_22d40c59ff,310,N,3,C,222,M_ID_c5d03e5a8d,1,-0.03164583,2017-08-16 12:44:42,5.0,5,21
Y,C_ID_6356b5600c,69,N,0,A,45,M_ID_4e461f7e14,1,-0.44637756,2018-03-08 18:04:11,1.0,9,18
Y,C_ID_f2a0a48179,158,N,1,B,80,M_ID_f56dfec997,1,-0.71850769,2017-12-14 20:06:31,1.0,15,37
Y,C_ID_f2a0a48179,69,N,1,B,561,M_ID_50f575c681,1,0.00441779,2017-12-21 11:22:58,1.0,9,7
Y,C_ID_f2a0a48179,158,N,1,B,690,M_ID_462252c479,1,-0.61168422,2017-12-14 19:51:24,1.0,15,1
Y,C_ID_f2a0a48179,158,N,1,B,80,M_ID_cd62c2c781,1,-0.73037863,2017-12-14 21:14:01,1.0,15,37
Y,C_ID_71667c4f3d,60,N,1,B,705,M_ID_29d496f9bb,1,-0.70812437,2017-08-02 20:33:28,1.0,16,33
Y,C_ID_71667c4f3d,60,N,1,B,420,M_ID_6f2a03bb84,2,-0.70934152,2017-09-23 14:34:57,1.0,16,31
Y,C_ID_415834847a,187,N,3,C,422,M_ID_f10ad79ff0,2,-0.44938286,2018-02-03 12:48:02,1.0,15,27
Y,C_ID_415834847a,187,N,-1,,19,M_ID_c95b0e778d,2,-0.53052603,2018-02-03 10:06:09,1.0,15,36
Y,C_ID_415834847a,-1,Y,3,C,690,M_ID_c9855bf3e3,1,-0.61467449,2018-01-06 13:43:41,,-1,1
Y,C_ID_415834847a,187,N,1,B,19,M_ID_2dc1d59ded,2,-0.65683888,2018-02-03 11:36:39,1.0,15,36
Y,C_ID_b91bbd4007,213,N,0,A,884,M_ID_aa05392fed,2,-0.72588571,2018-04-12 11:58:39,1.0,9,27
Y,C_ID_b91bbd4007,213,N,0,A,705,M_ID_c2988f09f6,2,-0.67180529,2018-04-04 09:24:59,1.0,9,33
Y,C_ID_b91bbd4007,213,N,0,A,506,M_ID_e304234eb9,2,-0.70182826,2018-04-06 10:35:19,1.0,9,30
Y,C_ID_b91bbd4007,213,N,0,A,307,M_ID_39c44fa9c9,1,-0.70934152,2018-03-30 19:57:27,1.0,9,19
Y,C_ID_b91bbd4007,213,N,0,A,623,M_ID_c328fb8848,2,-0.726622,2018-04-13 06:43:30,1.0,9,4
Y,C_ID_b91bbd4007,213,N,0,A,367,M_ID_582e661670,2,-0.66878496,2018-04-06 11:57:33,1.0,9,16
Y,C_ID_788b8938ac,69,N,1,B,19,M_ID_1d52a8b6fd,1,-0.59814533,2017-10-03 00:00:00,1.0,9,36
Y,C_ID_788b8938ac,69,N,1,B,80,M_ID_2ffea1f8a8,1,-0.63120365,2017-10-01 00:06:48,1.0,9,37
Y,C_ID_788b8938ac,69,N,1,B,307,M_ID_48b0be386c,1,-0.58546295,2017-10-25 01:46:50,1.0,9,19
Y,C_ID_788b8938ac,69,N,1,B,560,M_ID_147d63d1a6,1,-0.72720804,2017-10-24 10:41:11,1.0,9,34
Y,C_ID_788b8938ac,69,N,1,B,180,M_ID_c5e4ba67a6,1,-0.71003274,2017-10-02 20:56:54,1.0,9,20
Y,C_ID_788b8938ac,291,N,1,B,560,M_ID_a522c0191e,1,-0.52767099,2017-10-04 10:17:03,1.0,9,34
Y,C_ID_4dcdeb27e4,69,N,0,A,195,M_ID_cf11313855,1,-0.70197853,2018-03-01 18:24:41,1.0,9,34
Y,C_ID_4dcdeb27e4,314,N,0,A,367,M_ID_9c594c3a0d,1,-0.71966473,2018-03-01 12:38:37,1.0,9,16
Y,C_ID_4dcdeb27e4,19,N,0,A,19,M_ID_4926011879,1,-0.733985,2018-03-05 09:05:25,1.0,9,36
Y,C_ID_4dcdeb27e4,69,N,0,A,68,M_ID_879f625c89,1,-0.65674872,2018-03-07 13:59:52,1.0,9,27
Y,C_ID_2a1cdd5aad,88,N,0,A,278,M_ID_1ff1be27c4,2,-0.74239984,2018-04-03 14:27:26,1.0,16,37
Y,C_ID_2a1cdd5aad,88,N,0,A,683,M_ID_1449f22bfb,1,-0.74164852,2018-03-19 12:42:11,1.0,16,34
Y,C_ID_09270f11b9,57,N,0,A,842,M_ID_4db7db8784,2,-0.70934152,2018-01-07 12:45:14,5.0,5,37
Y,C_ID_0b9624e4f6,333,N,0,A,690,M_ID_cf232cd5ab,2,-0.66160229,2018-04-04 17:23:54,1.0,9,1
Y,C_ID_0b9624e4f6,333,N,0,A,278,M_ID_d855771cd9,1,-0.73518712,2018-03-19 08:02:26,1.0,9,37
Y,C_ID_0b9624e4f6,242,N,0,A,560,M_ID_e7ad585741,2,-0.73608871,2018-04-04 12:40:44,1.0,9,34
Y,C_ID_01ec64d5bf,-1,Y,1,B,818,M_ID_814d0c2571,2,-0.49295975,2018-04-08 11:48:25,,-1,12
Y,C_ID_5e18d1d376,275,N,0,A,842,M_ID_bec4782470,2,-0.48785073,2017-08-31 15:18:44,1.0,15,37
Y,C_ID_5e18d1d376,193,N,0,A,774,M_ID_2dc4ffe160,1,-0.52151012,2017-07-08 13:11:55,1.0,15,29
Y,C_ID_5e18d1d376,69,N,0,A,879,M_ID_00a6ca8a8a,1,-0.72887598,2017-07-13 05:15:57,1.0,9,29
Y,C_ID_5e18d1d376,275,N,0,A,307,M_ID_af4b9a1a52,1,-0.67177524,2017-07-04 09:22:11,1.0,15,19
Y,C_ID_5e18d1d376,193,N,0,A,80,M_ID_22b2db9a27,1,-0.65674872,2017-07-08 16:18:01,1.0,15,37
Y,C_ID_5e18d1d376,253,N,0,A,884,M_ID_5eca7126d1,1,-0.52992496,2017-07-31 12:49:19,1.0,15,27
Y,C_ID_5e18d1d376,193,N,0,A,307,M_ID_1bbb18a022,1,-0.67177524,2017-07-08 16:48:14,1.0,15,19
Y,C_ID_5e18d1d376,193,N,0,A,68,M_ID_28ac104696,1,-0.30572941,2017-07-07 19:08:50,1.0,15,27
Y,C_ID_5e18d1d376,193,N,0,A,842,M_ID_2279aac90f,1,-0.69318802,2017-07-13 00:48:23,1.0,15,37
Y,C_ID_5e18d1d376,275,N,0,A,506,M_ID_bbd7da94f2,1,-0.69417977,2017-07-11 10:53:29,1.0,15,30
Y,C_ID_5e18d1d376,333,N,0,A,437,M_ID_7bf4fcc202,1,-0.44167426,2017-07-30 12:03:21,5.0,21,15
Y,C_ID_5e18d1d376,275,N,0,A,367,M_ID_156f042915,1,-0.6057788,2017-07-10 21:52:02,1.0,15,16
Y,C_ID_ac073368fb,88,N,1,B,307,M_ID_fb0aedca18,2,-0.71685477,2018-03-04 21:31:26,1.0,16,19
Y,C_ID_ac073368fb,88,N,1,B,38,M_ID_22662705bd,1,-0.73188128,2018-02-12 23:23:17,1.0,16,7
Y,C_ID_ac073368fb,88,N,1,B,360,M_ID_7acb0cf191,1,-0.63496028,2018-02-12 12:16:01,1.0,16,34
Y,C_ID_ef93d02c7d,25,N,3,C,437,M_ID_89af543a03,2,-0.49919575,2018-03-07 11:47:43,3.0,7,15
Y,C_ID_ef93d02c7d,331,N,1,B,705,M_ID_683f6cd2a6,1,-0.726051,2018-02-21 15:27:35,1.0,16,33
Y,C_ID_ef93d02c7d,25,N,1,B,307,M_ID_9ce941a7dc,2,-0.68680175,2018-03-22 12:58:51,3.0,7,19
Y,C_ID_ef93d02c7d,331,N,1,B,222,,2,-0.72992784,2018-03-14 05:08:38,1.0,16,21
Y,C_ID_6b423a659f,149,N,1,B,683,M_ID_35f7b6bc1b,1,-0.7131883,2018-01-06 20:19:08,5.0,20,34
Y,C_ID_6b423a659f,149,N,1,B,307,M_ID_9c708e1970,1,-0.73112996,2018-01-01 23:49:46,5.0,20,19
Y,C_ID_6b423a659f,149,N,1,B,307,M_ID_5ab273142c,1,-0.71685477,2018-01-11 14:16:24,5.0,20,19
Y,C_ID_6b423a659f,334,N,1,B,80,M_ID_b14e3b5391,1,-0.70596055,2018-01-01 19:34:10,5.0,20,37
Y,C_ID_6b423a659f,334,N,1,B,307,M_ID_af0e2a53a3,1,-0.68681677,2018-01-01 12:48:42,5.0,20,19
Y,C_ID_4e4f67afac,87,N,3,C,340,M_ID_08371d32cf,1,-0.23119791,2018-01-18 15:29:20,3.0,11,9
Y,C_ID_cb6146ef47,87,N,1,B,80,M_ID_e36bc82713,1,-0.72887598,2017-11-21 14:12:12,3.0,11,37
Y,C_ID_cb6146ef47,87,N,2,C,87,M_ID_e8ada0f70c,1,-0.53683716,2017-11-07 21:54:35,3.0,11,27
Y,C_ID_cb6146ef47,87,N,3,C,506,M_ID_a8aabcb57d,1,-0.59123313,2017-11-17 00:28:53,3.0,11,30
Y,C_ID_cb6146ef47,69,N,1,B,383,M_ID_ebbdb42da6,1,-0.29611244,2017-11-14 14:41:59,1.0,9,2
Y,C_ID_cb6146ef47,87,N,3,C,222,M_ID_a8ce2f3fe1,1,-0.46140407,2017-11-17 19:18:50,3.0,11,21
Y,C_ID_cb6146ef47,87,N,1,B,195,M_ID_61ef46dc34,1,-0.71685477,2017-11-25 16:22:37,3.0,11,34
Y,C_ID_cb6146ef47,87,N,1,B,454,M_ID_55a57c43f9,1,-0.73714056,2017-11-21 00:18:55,3.0,11,39
Y,C_ID_cb6146ef47,69,N,1,B,755,M_ID_8fadd601d2,1,-0.71685477,2017-11-27 13:44:59,1.0,9,8
Y,C_ID_cb6146ef47,87,N,1,B,705,M_ID_9cbbb5f795,1,-0.70197853,2017-11-06 22:28:31,3.0,11,33
Y,C_ID_cb6146ef47,87,N,1,B,130,M_ID_74baddac21,2,-0.70182826,2017-12-01 18:23:00,3.0,11,41
Y,C_ID_cb6146ef47,87,N,1,B,884,M_ID_1c2bcd73d8,1,-0.6266957,2017-11-21 00:09:28,3.0,11,27
Y,C_ID_cb6146ef47,87,N,1,B,367,M_ID_6c1b54f7ae,1,-0.68300004,2017-11-23 20:00:21,3.0,11,16
Y,C_ID_cb6146ef47,69,N,1,B,561,M_ID_50f575c681,2,-0.6266957,2017-12-03 00:40:14,1.0,9,7
Y,C_ID_cb6146ef47,87,N,1,B,195,M_ID_3208f46c83,1,-0.69649385,2017-11-21 15:20:32,3.0,11,34
Y,C_ID_cb6146ef47,87,N,1,B,419,M_ID_b965515ec1,1,-0.70528436,2017-11-09 00:00:00,3.0,11,1
Y,C_ID_cb6146ef47,2,N,1,B,307,M_ID_9a44bdc6f3,1,-0.45760236,2017-11-18 00:00:00,3.0,11,19
Y,C_ID_cb6146ef47,87,N,-1,,434,M_ID_a44f8af310,1,-0.5861692,2017-11-22 00:00:00,3.0,11,32
Y,C_ID_9902f6158e,69,N,1,B,705,M_ID_b5b80addf5,2,-0.60457668,2018-01-27 18:42:51,1.0,9,33
Y,C_ID_9902f6158e,69,N,1,B,840,,1,0.75574338,2017-12-27 13:04:52,1.0,9,20
Y,C_ID_9902f6158e,69,N,1,B,650,M_ID_9748fcc3c9,2,-0.64623017,2018-01-27 14:15:43,1.0,9,29
Y,C_ID_9830d11773,117,N,1,B,307,M_ID_3d307098b9,1,-0.55156314,2017-10-18 14:17:34,4.0,13,19
Y,C_ID_9830d11773,286,N,10,C,836,M_ID_ebb6390bff,1,0.95552086,2017-10-10 14:22:29,3.0,3,5
Y,C_ID_9830d11773,277,N,1,B,307,M_ID_9e32edbf70,1,-0.70182826,2017-10-06 00:00:00,4.0,13,19
Y,C_ID_9830d11773,277,N,1,B,705,M_ID_ea64e49152,1,-0.5958613,2017-10-17 02:00:00,4.0,13,33
Y,C_ID_9830d11773,277,N,1,B,560,M_ID_490f186c5a,2,-0.72687746,2017-11-03 19:05:59,4.0,13,34
Y,C_ID_9830d11773,277,N,1,B,80,M_ID_0b7a2c2831,1,-0.6883044,2017-10-14 00:08:54,4.0,13,37
Y,C_ID_9830d11773,277,N,1,B,80,M_ID_a889edb2e4,2,-0.71415,2017-11-10 15:27:10,4.0,13,37
Y,C_ID_3691365581,-1,Y,1,B,879,M_ID_9139332ccc,1,-0.74304598,2018-01-15 21:22:07,,-1,29
Y,C_ID_3691365581,-1,Y,1,B,755,M_ID_57df19bf28,1,-0.70934152,2018-01-16 10:23:14,,-1,8
Y,C_ID_3691365581,-1,Y,3,C,879,M_ID_00a6ca8a8a,1,-0.32759298,2018-01-12 16:13:43,,-1,29
Y,C_ID_3691365581,69,N,3,C,561,M_ID_50f575c681,1,-0.34569993,2018-01-02 14:06:20,1.0,9,7
Y,C_ID_3691365581,-1,Y,3,C,879,M_ID_ef87dd1879,1,-0.56741611,2018-01-10 15:21:39,,-1,29
Y,C_ID_86329d1ee4,88,N,1,B,80,M_ID_affd76b1ef,1,-0.65704925,2017-12-22 15:15:03,1.0,16,37
Y,C_ID_86329d1ee4,88,N,1,B,415,M_ID_a0db6b7565,2,-0.39679007,2018-01-12 12:24:53,1.0,16,18
Y,C_ID_86329d1ee4,88,N,1,B,278,M_ID_5aeaf80a00,2,-0.70409726,2018-01-13 01:25:28,1.0,16,37
Y,C_ID_86329d1ee4,60,N,1,B,360,M_ID_b465ba93e5,2,-0.46140407,2018-01-13 16:39:22,1.0,16,34
Y,C_ID_ea9b8dbeab,-1,Y,1,B,302,M_ID_e8205e37ae,1,-0.60671044,2017-11-14 14:33:02,,-1,22
Y,C_ID_ea9b8dbeab,69,N,2,C,289,M_ID_3400811885,1,-0.52166038,2017-11-24 14:58:03,1.0,9,27
Y,C_ID_ea9b8dbeab,69,N,2,C,884,M_ID_d13262f4b0,1,-0.371245,2017-11-24 15:19:35,1.0,9,27
Y,C_ID_ea9b8dbeab,69,N,1,B,606,M_ID_cd2c0b07e9,1,-0.70333091,2017-11-21 15:17:43,1.0,9,17
Y,C_ID_ea9b8dbeab,69,N,1,B,561,M_ID_50f575c681,1,-0.61016654,2017-11-16 11:32:18,1.0,9,7
Y,C_ID_ea9b8dbeab,69,N,1,B,80,M_ID_730e2a5ade,1,-0.6883044,2017-11-24 19:13:29,1.0,9,37
Y,C_ID_ea9b8dbeab,69,N,1,B,454,M_ID_6b718b517f,1,-0.71685477,2017-11-11 00:00:00,1.0,9,39
Y,C_ID_ea9b8dbeab,-1,Y,-1,,840,M_ID_bfa95673d2,1,-0.50660382,2017-11-20 00:00:00,,-1,20
Y,C_ID_ea9b8dbeab,-1,Y,4,C,215,M_ID_32e5443390,1,-0.34684195,2017-11-17 23:03:48,,-1,21
Y,C_ID_f5a15b33a6,294,N,1,B,705,M_ID_8e79577498,2,-0.64390106,2018-02-10 08:49:09,1.0,9,33
Y,C_ID_f5a15b33a6,69,N,1,B,755,M_ID_445742726b,1,-0.72436803,2018-01-24 15:56:22,1.0,9,8
Y,C_ID_f5a15b33a6,294,N,-1,,419,M_ID_23f95265fc,1,-0.40430333,2018-01-13 07:47:10,1.0,9,1
Y,C_ID_f5a15b33a6,294,N,1,B,367,M_ID_0e8091f9aa,2,-0.72436803,2018-02-10 12:23:15,1.0,9,16
Y,C_ID_f5a15b33a6,294,N,1,B,560,M_ID_0bfab265be,1,-0.72962731,2018-01-18 18:17:31,1.0,9,34
Y,C_ID_2c24cd6cb5,-1,Y,1,B,574,M_ID_6f274b9340,1,-0.74239984,2017-07-01 20:31:32,,-1,22
Y,C_ID_63a52ce10d,246,N,1,B,307,M_ID_8440692db3,1,-0.56658965,2018-01-19 20:04:50,3.0,1,19
Y,C_ID_63a52ce10d,246,N,1,B,367,M_ID_a2c2abb7aa,1,-0.71986007,2018-01-29 19:34:26,3.0,1,16
Y,C_ID_3f3a0021c6,-1,Y,6,C,574,M_ID_39526b2fa0,1,-0.12481021,2018-01-20 08:07:58,,-1,22
Y,C_ID_8fca24cfa4,88,N,1,B,557,M_ID_2fcd7efe49,1,-0.61918245,2017-12-23 13:09:33,1.0,16,29
Y,C_ID_8fca24cfa4,253,N,1,B,80,M_ID_65343d0267,1,-0.72887598,2017-12-15 20:40:44,1.0,15,37
Y,C_ID_8fca24cfa4,88,N,1,B,299,M_ID_9008ed9a18,1,-0.59476436,2017-12-13 15:57:29,1.0,16,41
Y,C_ID_8fca24cfa4,88,N,1,B,705,M_ID_f1480cd2d8,2,-0.67027259,2018-01-04 20:18:04,1.0,16,33
Y,C_ID_8fca24cfa4,88,N,1,B,557,M_ID_df6d3065f3,1,-0.67252656,2017-12-04 12:14:18,1.0,16,29
Y,C_ID_8fca24cfa4,138,N,1,B,367,M_ID_2857277b5c,1,-0.71399973,2017-12-20 15:23:26,1.0,15,16
Y,C_ID_8afa7ffbb3,137,N,1,B,80,M_ID_fd1f12c3f8,1,-0.72887598,2017-12-22 10:59:00,3.0,19,37
Y,C_ID_8afa7ffbb3,137,N,-1,,45,M_ID_2039a76d7f,1,-0.60565858,2017-12-27 10:07:26,3.0,19,18
Y,C_ID_8afa7ffbb3,-1,Y,3,C,509,M_ID_9ebb608c38,2,-0.59368245,2018-01-14 19:46:38,,-1,37
Y,C_ID_8afa7ffbb3,330,N,1,B,356,M_ID_f86ffb3f2c,1,-0.72277522,2017-12-22 08:41:09,3.0,17,21
Y,C_ID_8afa7ffbb3,137,N,1,B,437,M_ID_f296e68c27,2,-0.61709376,2018-01-24 14:38:06,3.0,19,15
Y,C_ID_8afa7ffbb3,-1,Y,1,B,755,M_ID_57df19bf28,1,-0.71685477,2017-12-11 11:24:28,,-1,8
Y,C_ID_8afa7ffbb3,137,N,1,B,763,M_ID_bedfacee3a,2,-0.68695201,2018-01-24 14:45:15,3.0,19,36
Y,C_ID_8afa7ffbb3,137,N,1,B,307,M_ID_59e680d9f2,1,-0.68680175,2017-12-12 15:31:39,3.0,19,19
Y,C_ID_8afa7ffbb3,137,N,1,B,111,M_ID_feb1b53221,1,-0.62684597,2017-12-09 16:47:49,3.0,19,36
Y,C_ID_f671b78098,17,N,1,B,422,M_ID_888d584f95,2,-0.72436803,2018-01-13 17:51:04,4.0,22,27
Y,C_ID_f671b78098,17,N,1,B,278,M_ID_87759e901b,2,-0.68544936,2018-01-18 23:02:36,4.0,22,37
Y,C_ID_f671b78098,17,N,1,B,80,M_ID_8fb86c8dbe,2,-0.70934152,2018-01-13 18:11:34,4.0,22,37
Y,C_ID_f671b78098,17,N,1,B,80,M_ID_21c718ecdd,2,-0.6913097,2018-01-23 10:55:38,4.0,22,37
Y,C_ID_f671b78098,17,N,1,B,506,M_ID_f23ea24221,2,-0.68394671,2018-01-11 10:47:30,4.0,22,30
Y,C_ID_f671b78098,17,N,1,B,705,M_ID_f38d8571df,2,-0.72292548,2018-01-11 08:52:08,4.0,22,33
Y,C_ID_f671b78098,17,N,1,B,783,M_ID_2dabbbd2b4,2,-0.65374342,2018-01-22 10:17:06,4.0,22,19
Y,C_ID_f671b78098,251,N,1,B,278,M_ID_7f67be26fa,2,-0.51434247,2018-01-23 20:49:24,3.0,8,37
Y,C_ID_fb414e0cc4,87,N,0,A,506,M_ID_80a63f2ba5,2,-0.70263969,2018-01-28 14:42:27,3.0,11,30
Y,C_ID_fb414e0cc4,87,N,0,A,367,M_ID_eadef5a95f,1,-0.72376697,2017-12-01 22:07:32,3.0,11,16
Y,C_ID_7fbbccd5cc,69,N,1,B,561,M_ID_50f575c681,1,-0.6594535,2018-03-11 09:25:55,1.0,9,7
Y,C_ID_7fbbccd5cc,158,N,1,B,367,M_ID_2857277b5c,1,-0.694315,2018-03-15 13:57:25,1.0,15,16
Y,C_ID_7fbbccd5cc,158,N,1,B,705,M_ID_aa1a7df31d,1,-0.72590073,2018-03-15 16:45:14,1.0,15,33
Y,C_ID_b82176a13c,200,N,1,B,45,M_ID_7fb9b872a4,1,0.03447082,2018-03-14 07:44:02,2.0,18,18
Y,C_ID_b82176a13c,200,N,-1,,45,M_ID_25f3776fee,1,1.43193642,2018-03-05 14:53:16,2.0,18,18
Y,C_ID_64601c1070,97,N,0,A,309,M_ID_19f2051a39,1,-0.62885952,2018-03-08 17:18:02,3.0,3,21
Y,C_ID_64601c1070,69,N,0,A,879,M_ID_00a6ca8a8a,1,-0.70561494,2018-03-03 12:52:10,1.0,9,29
Y,C_ID_02d2dcd012,19,N,0,A,670,M_ID_b7705ed70a,2,-0.69912349,2018-01-22 09:40:56,1.0,9,32
Y,C_ID_02d2dcd012,189,N,0,A,80,M_ID_3e6021e8eb,1,-0.66000948,2017-12-03 12:03:15,1.0,9,37
Y,C_ID_02d2dcd012,143,N,0,A,506,M_ID_a9d91682ad,1,-0.44893207,2017-12-24 12:06:28,5.0,5,30
Y,C_ID_02d2dcd012,19,N,0,A,34,M_ID_f88614d75e,2,-0.46140407,2018-01-22 07:46:05,1.0,9,38
Y,C_ID_02d2dcd012,19,N,0,A,560,M_ID_9e95d101d5,1,-0.69957428,2017-12-18 13:12:37,1.0,9,34
Y,C_ID_02d2dcd012,19,N,0,A,793,M_ID_da0de48b77,1,-0.59664268,2017-12-24 15:48:12,1.0,9,38
Y,C_ID_02d2dcd012,19,N,1,B,705,M_ID_40272e6819,2,-0.22679514,2018-01-18 19:40:13,1.0,9,33
Y,C_ID_02d2dcd012,19,N,0,A,33,M_ID_58d0d5b4b3,2,-0.58161617,2018-01-22 10:04:44,1.0,9,29
Y,C_ID_02d2dcd012,19,N,0,A,80,M_ID_14e76b6fe6,2,-0.70061111,2018-01-21 12:22:02,1.0,9,37
Y,C_ID_02d2dcd012,19,N,0,A,68,M_ID_82b297b25c,1,-0.71685477,2017-12-24 16:36:49,1.0,9,27
Y,C_ID_02d2dcd012,19,N,0,A,705,M_ID_cc3d4047d7,2,-0.69197087,2018-01-31 09:45:47,1.0,9,33
Y,C_ID_02d2dcd012,19,N,4,C,884,M_ID_ad49138777,2,-0.58522253,2018-01-04 11:09:46,1.0,9,27
Y,C_ID_02d2dcd012,19,N,0,A,544,M_ID_77f461da65,1,-0.67432974,2017-12-20 00:11:28,1.0,9,29
Y,C_ID_02d2dcd012,19,N,5,C,771,M_ID_aaee64f138,1,0.40257528,2017-12-29 08:36:44,1.0,9,31
Y,C_ID_02d2dcd012,19,N,0,A,560,M_ID_d855771cd9,2,-0.67793611,2018-01-18 11:24:00,1.0,9,34
Y,C_ID_fe68bfcbe5,69,N,1,B,574,M_ID_eef8550010,1,-0.66426198,2018-01-14 17:01:30,1.0,9,22
Y,C_ID_fe68bfcbe5,69,N,2,C,769,M_ID_93ddea932d,1,-0.59694321,2018-01-04 13:31:53,1.0,9,32
Y,C_ID_fe68bfcbe5,160,N,1,B,454,M_ID_35898972ed,1,-0.73338393,2018-01-07 15:19:02,5.0,21,39
Y,C_ID_fe68bfcbe5,69,N,1,B,529,M_ID_bda5edd84f,1,4.94663752,2018-01-10 13:36:37,1.0,9,20
Y,C_ID_fe68bfcbe5,69,N,1,B,195,,1,-0.67327789,2018-01-07 13:04:52,1.0,9,34
Y,C_ID_24f9885d3d,69,N,0,A,705,M_ID_f6510e0572,1,-0.6266957,2017-10-08 16:11:02,1.0,9,33
Y,C_ID_24f9885d3d,69,N,0,A,511,M_ID_b794b9d9e8,1,-0.59664268,2017-10-29 07:41:48,1.0,9,7
Y,C_ID_24f9885d3d,69,N,0,A,560,M_ID_940fb4498f,1,-0.73413526,2017-10-14 10:42:14,1.0,9,34
Y,C_ID_24f9885d3d,69,N,0,A,307,M_ID_dc214d001d,1,-0.73491664,2017-10-28 04:51:46,1.0,9,19
Y,C_ID_24f9885d3d,69,N,0,A,87,M_ID_b497d25af8,2,-0.52151012,2017-11-05 00:00:00,1.0,9,27
Y,C_ID_24f9885d3d,69,N,0,A,130,M_ID_c355870ab2,1,-0.694315,2017-10-27 00:00:00,1.0,9,41
Y,C_ID_24f9885d3d,69,N,0,A,419,M_ID_69f80607d1,2,-0.73188128,2017-11-05 15:23:30,1.0,9,1
Y,C_ID_e5a9610d4b,87,N,0,A,273,M_ID_9e7ddbb844,1,-0.71685477,2017-10-28 00:00:00,3.0,11,20
Y,C_ID_cc69956eae,136,N,1,B,703,M_ID_616e655b2f,1,-0.6266957,2017-11-13 00:00:00,4.0,4,29
Y,C_ID_cc69956eae,136,N,3,C,422,M_ID_3fe5fb129e,2,-0.52196091,2017-12-11 11:11:46,4.0,4,27
Y,C_ID_9f9b35896b,24,N,1,B,705,M_ID_0e1ffdf38d,1,-0.65674872,2017-11-04 00:00:00,1.0,9,33
Y,C_ID_9f9b35896b,24,N,1,B,560,M_ID_9400633d37,2,-0.71159549,2017-12-08 08:57:20,1.0,9,34
Y,C_ID_9f9b35896b,-1,Y,12,C,367,M_ID_376d20a149,1,-0.56839284,2017-11-13 14:35:23,,-1,16
Y,C_ID_c5f26d1965,161,N,0,A,561,M_ID_7fb1c224d2,1,-0.57668747,2017-12-22 16:41:27,3.0,3,7
Y,C_ID_c5f26d1965,161,N,0,A,307,M_ID_708543927b,1,-0.71685477,2017-12-21 19:48:17,3.0,3,19
Y,C_ID_ccba6a9c57,-1,Y,1,B,302,M_ID_a986c39b4b,2,-0.63422398,2018-02-15 18:25:18,,-1,22
Y,C_ID_ccba6a9c57,21,N,6,C,309,M_ID_59764e8cb1,1,1.13851372,2018-01-15 19:27:50,1.0,9,21
Y,C_ID_432a6b5c86,322,N,0,A,278,M_ID_930686b78c,1,-0.67042285,2018-03-02 18:42:56,3.0,11,37
Y,C_ID_432a6b5c86,322,N,0,A,307,M_ID_368b9d9662,1,-0.64172221,2018-03-23 17:50:18,3.0,11,19
Y,C_ID_432a6b5c86,322,N,0,A,307,M_ID_733e436c31,1,-0.6266957,2018-03-10 16:11:49,3.0,11,19
Y,C_ID_307420ac7d,11,N,0,A,422,M_ID_819ed2bfe3,2,-0.50648361,2018-04-06 16:00:22,2.0,23,27
Y,C_ID_307420ac7d,11,N,0,A,690,M_ID_e0f8a4be8b,2,-0.46759499,2018-04-02 18:30:29,2.0,23,1
Y,C_ID_307420ac7d,11,N,0,A,420,M_ID_237f73c134,2,-0.53353133,2018-04-07 13:49:42,2.0,23,31
Y,C_ID_307420ac7d,11,N,0,A,703,M_ID_7d6fbafdc4,2,-0.66576463,2018-04-06 15:32:52,2.0,23,29
Y,C_ID_307420ac7d,11,N,0,A,80,M_ID_0ea2b5c409,2,-0.69882296,2018-04-06 00:16:50,2.0,23,37
Y,C_ID_de559035fc,143,N,1,B,560,M_ID_3056b5cb36,1,-0.71685477,2018-03-28 11:27:31,5.0,5,34
Y,C_ID_de559035fc,143,N,1,B,840,M_ID_4cdccc2f97,1,-0.59664268,2018-03-09 08:44:41,5.0,5,20
Y,C_ID_de559035fc,143,N,1,B,45,M_ID_a1e1ee48e9,1,-0.53653663,2018-03-10 09:35:13,5.0,5,18
Y,C_ID_0b6310b6fa,333,N,1,B,705,M_ID_7379149904,1,-0.73912406,2018-01-18 08:35:40,5.0,21,33
Y,C_ID_0b6310b6fa,-1,Y,1,B,302,M_ID_a986c39b4b,2,-0.64323989,2018-02-18 14:46:08,,-1,22
Y,C_ID_99b9269711,148,N,1,B,68,M_ID_c72d06db4c,2,-0.59664268,2018-01-01 23:29:36,3.0,19,27
Y,C_ID_99b9269711,148,N,1,B,278,M_ID_b139159236,1,-0.54705519,2017-12-27 00:02:07,3.0,19,37
Y,C_ID_99b9269711,158,N,1,B,14,M_ID_04c8db141b,2,-0.70182826,2018-01-06 14:12:07,1.0,15,31
Y,C_ID_99b9269711,148,N,1,B,307,M_ID_0b20c58273,1,-0.70934152,2017-12-27 10:54:24,3.0,19,19
Y,C_ID_60eb79a79d,238,N,1,B,45,M_ID_8251648d9d,2,-0.22097988,2017-08-08 16:00:24,1.0,9,18
Y,C_ID_60eb79a79d,238,N,1,B,195,M_ID_71bacf22a0,2,-0.52917364,2017-08-13 14:09:16,1.0,9,34
Y,C_ID_0943812a42,-1,Y,1,B,755,M_ID_445742726b,1,-0.71685477,2017-06-23 19:36:20,,-1,8
Y,C_ID_408530d66a,283,N,0,A,703,M_ID_638fc916b9,1,-0.72436803,2018-01-05 15:57:03,1.0,9,29
Y,C_ID_408530d66a,283,N,0,A,518,M_ID_837c443363,1,-0.72526962,2018-01-03 16:14:46,1.0,9,27
Y,C_ID_ef6b20e6be,210,N,1,B,683,M_ID_a2361ee499,1,-0.73864321,2017-08-22 18:04:13,1.0,16,34
Y,C_ID_4ae8415eae,19,N,0,A,434,M_ID_3c9d961999,1,-0.52151012,2017-12-23 13:17:40,1.0,9,32
Y,C_ID_4ae8415eae,19,N,0,A,278,M_ID_be1ee401da,1,-0.6559974,2017-12-23 23:34:13,1.0,9,37
Y,C_ID_cf5da10ef7,289,N,1,B,195,M_ID_23db392398,1,-0.7139246,2018-03-09 17:20:58,5.0,5,34
Y,C_ID_cf5da10ef7,289,N,1,B,80,M_ID_32b6967f77,1,-0.73789189,2018-03-09 14:01:01,5.0,5,37
Y,C_ID_cf5da10ef7,19,N,-1,,130,M_ID_6746ac15d1,1,-0.61918245,2018-03-07 08:52:41,1.0,9,41
Y,C_ID_cf5da10ef7,-1,Y,-1,,369,M_ID_c55f3b0095,1,0.09607952,2018-03-16 12:50:14,,-1,27
Y,C_ID_cf5da10ef7,19,N,1,B,443,M_ID_54a0678455,1,-0.71837245,2018-03-08 14:49:14,1.0,9,21
Y,C_ID_ce5edc1073,-1,Y,1,B,557,M_ID_c3f899e72a,1,-0.69446527,2017-12-06 17:28:01,,-1,29
Y,C_ID_f41476e9a6,210,N,1,B,411,M_ID_d8691fae73,1,-0.53954193,2017-06-16 16:32:50,1.0,16,21
Y,C_ID_f41476e9a6,-1,Y,3,C,456,M_ID_1fe05656cb,2,-0.44247067,2017-07-06 11:47:28,,-1,21
Y,C_ID_f41476e9a6,210,N,1,B,222,M_ID_aeca7159ad,1,-0.6947658,2017-06-17 09:50:25,1.0,16,21
Y,C_ID_f41476e9a6,210,N,1,B,544,M_ID_656a672f2d,2,-0.68995732,2017-07-04 13:40:31,1.0,16,29
Y,C_ID_f41476e9a6,210,N,1,B,40,M_ID_980c4548e7,1,-0.73293314,2017-06-20 16:09:03,1.0,16,21
Y,C_ID_f41476e9a6,210,N,1,B,19,M_ID_08fad55237,1,-0.6883044,2017-06-20 14:30:49,1.0,16,36
Y,C_ID_c32ce62973,57,N,0,A,705,M_ID_b0072c1ef8,1,-0.68115178,2017-12-12 13:41:54,5.0,5,33
Y,C_ID_f3bb46a713,261,N,1,B,367,M_ID_db86c4da9f,1,-0.7072378,2017-09-15 18:49:40,1.0,9,16
Y,C_ID_f3bb46a713,261,N,1,B,422,M_ID_eb0d71d8de,1,-0.70934152,2017-09-20 18:35:30,1.0,9,27
Y,C_ID_f3bb46a713,69,N,1,B,561,M_ID_50f575c681,2,-0.72436803,2017-10-25 17:51:53,1.0,9,7
Y,C_ID_f3bb46a713,250,N,1,B,307,M_ID_e2b881e8b9,1,-0.71685477,2017-09-20 19:54:33,1.0,9,19
Y,C_ID_f3bb46a713,261,N,1,B,705,M_ID_fc030787d6,1,-0.56673992,2017-09-16 18:40:36,1.0,9,33
Y,C_ID_f3bb46a713,69,N,1,B,879,M_ID_00a6ca8a8a,2,-0.7206114,2017-10-28 22:26:26,1.0,9,29
Y,C_ID_f3bb46a713,261,N,1,B,80,M_ID_3ccd825668,1,-0.71084417,2017-09-22 23:01:10,1.0,9,37
Y,C_ID_58a708db73,277,N,-1,,593,M_ID_481405e9c2,2,1.65733409,2018-04-11 16:07:17,4.0,13,29
Y,C_ID_b2d0486de5,51,N,1,B,278,M_ID_d86b8cc0eb,1,-0.68980705,2017-11-05 22:20:08,1.0,16,37
Y,C_ID_db877cbf03,274,N,0,A,437,M_ID_8f5e48d5e7,1,-0.73258753,2017-11-22 15:23:13,1.0,9,15
Y,C_ID_db877cbf03,274,N,0,A,307,M_ID_dfc6e48c6f,1,-0.67177524,2017-11-22 14:44:52,1.0,9,19
Y,C_ID_c7edaa24e3,69,N,1,B,879,M_ID_00a6ca8a8a,2,-0.56663473,2017-10-13 14:19:24,1.0,9,29
Y,C_ID_c7edaa24e3,331,N,1,B,216,M_ID_c809d481b7,2,-0.6266957,2017-10-22 00:20:15,1.0,16,7
Y,C_ID_c7edaa24e3,79,N,1,B,842,M_ID_30be6cf889,2,-0.69161023,2017-10-14 02:38:41,1.0,12,37
Y,C_ID_443990a063,291,N,0,A,511,M_ID_9139332ccc,1,-0.72136273,2018-03-23 22:28:23,1.0,9,7
Y,C_ID_443990a063,280,N,0,A,360,M_ID_bbb116a8e4,2,-0.74239984,2018-04-25 22:57:20,3.0,1,34
Y,C_ID_443990a063,277,N,0,A,367,M_ID_71c62d7780,1,-0.73940957,2018-03-22 21:48:43,4.0,13,16
Y,C_ID_cd0aa29dc8,327,N,1,B,222,M_ID_5b9d8dffa1,1,-0.67793611,2018-02-19 17:37:14,1.0,9,21
Y,C_ID_b53f2ab217,-1,Y,1,B,661,M_ID_fc7d7969c3,1,-0.74540514,2017-09-27 11:00:38,,-1,8
Y,C_ID_b53f2ab217,212,N,1,B,705,M_ID_322c231a40,1,-0.7052543,2017-09-25 22:41:56,4.0,4,33
Y,C_ID_d57e4ddab0,-1,Y,1,B,574,M_ID_0855bda176,1,-0.70648648,2018-03-14 10:22:50,,-1,22
Y,C_ID_4a959070bc,20,N,0,A,222,M_ID_570bfea770,1,-0.67478054,2018-01-22 08:14:34,3.0,19,21
Y,C_ID_1e80138bbd,-1,Y,1,B,574,M_ID_0855bda176,1,-0.72151299,2018-03-20 13:16:25,,-1,22
Y,C_ID_cb6a6a158c,69,N,1,B,771,M_ID_4754efced9,1,-0.68627582,2018-01-16 21:29:48,1.0,9,31
Y,C_ID_8965346aa9,179,N,0,A,278,M_ID_ca24e225d1,1,-0.73037863,2018-03-06 17:31:51,,-1,37
Y,C_ID_a105171df2,69,N,1,B,879,M_ID_00a6ca8a8a,2,-0.64194761,2017-12-02 16:58:16,1.0,9,29
Y,C_ID_28e59e33cb,4,N,1,B,506,M_ID_0e3c7abd3a,1,-0.71700504,2018-02-27 14:57:15,2.0,10,30
Y,C_ID_28e59e33cb,69,N,1,B,302,,1,-0.67177524,2018-02-09 16:39:03,1.0,9,22
Y,C_ID_2950dc1291,337,N,0,A,683,M_ID_0a623541c4,1,-0.70905601,2017-10-07 18:20:59,5.0,20,34
Y,C_ID_2950dc1291,337,N,0,A,278,M_ID_2638551cc8,1,-0.64352539,2017-10-07 23:15:33,5.0,20,37
Y,C_ID_2950dc1291,337,N,0,A,534,M_ID_689b6dcdfd,1,-0.67177524,2017-10-19 02:00:00,5.0,20,7
Y,C_ID_2950dc1291,69,N,0,A,561,M_ID_50f575c681,1,-0.70318065,2017-10-31 21:04:54,1.0,9,7
Y,C_ID_2950dc1291,337,N,0,A,705,M_ID_3fa5aec556,2,-0.71823721,2017-11-05 17:18:26,5.0,20,33
Y,C_ID_239b13a2a6,69,N,1,B,656,M_ID_b574941e3a,2,-0.67814648,2017-09-26 09:26:06,1.0,9,17
Y,C_ID_4363602d53,19,N,1,B,705,M_ID_fd3d67fa4f,1,-0.73424045,2017-12-02 07:09:57,1.0,9,33
Y,C_ID_4363602d53,19,N,1,B,783,M_ID_f0400371aa,1,-0.70182826,2017-12-01 11:25:48,1.0,9,19
Y,C_ID_99a12af92f,-1,Y,1,B,574,M_ID_0855bda176,1,-0.70648648,2018-03-01 08:03:43,,-1,22
Y,C_ID_8a4b60432f,69,N,1,B,705,M_ID_de5c8ed563,2,-0.67416445,2018-04-24 20:16:42,1.0,9,33
Y,C_ID_e6c7a13e8c,323,N,0,A,307,M_ID_34e81f166c,2,-0.73939454,2018-04-25 16:26:06,3.0,2,19
Y,C_ID_324d5012e4,228,N,0,A,307,M_ID_152fecf4a8,2,-0.70333091,2018-02-03 17:32:04,1.0,15,19
Y,C_ID_63f86bc8ea,69,N,1,B,108,M_ID_57eb30da39,1,-0.71843256,2018-01-25 14:24:18,1.0,9,34
Y,C_ID_aa23a24e1b,158,N,1,B,422,M_ID_a7b1fe5e54,1,-0.67179026,2017-08-06 19:07:51,1.0,15,27
Y,C_ID_6f3727cc3a,69,N,1,B,422,M_ID_b7cf243c19,1,-0.70934152,2017-12-12 15:31:13,1.0,9,27
Y,C_ID_6f3727cc3a,69,N,1,B,68,M_ID_530f6ee6f1,1,-0.70182826,2017-12-09 18:07:40,1.0,9,27
Y,C_ID_d443a87e42,333,N,1,B,222,M_ID_de40fbd87c,1,-0.73939454,2018-01-29 12:12:22,1.0,9,21
Y,C_ID_b948010dd4,69,N,0,A,879,M_ID_00a6ca8a8a,2,-0.73563791,2017-12-22 11:33:36,1.0,9,29
Y,C_ID_ff3435c003,96,N,1,B,557,M_ID_f5ff34d4f1,1,-0.62729676,2018-01-25 12:34:45,1.0,9,29
Y,C_ID_d45cc1f158,69,N,0,A,705,M_ID_82a30d9203,2,-0.73939454,2017-12-14 12:32:23,1.0,9,33
Y,C_ID_d45cc1f158,69,N,0,A,511,M_ID_b794b9d9e8,2,-0.72887598,2017-12-14 14:49:43,1.0,9,7
Y,C_ID_d45cc1f158,69,N,0,A,437,M_ID_ed8064314e,1,-0.73826755,2017-11-11 16:16:17,1.0,9,15
Y,C_ID_53f8416069,117,N,0,A,307,M_ID_aa11718869,2,-0.70934152,2018-04-21 18:12:54,3.0,3,19
Y,C_ID_53e2fcb362,291,N,0,A,511,M_ID_9139332ccc,1,-0.74540514,2018-02-21 06:24:58,1.0,9,7
Y,C_ID_00b754135e,223,N,0,A,454,M_ID_d417bc3b37,1,-0.74089719,2018-03-14 08:02:28,5.0,21,39
Y,C_ID_08f50fb059,60,N,1,B,45,M_ID_d6dce6ae93,1,-0.63886718,2017-11-01 17:31:15,1.0,16,18
Y,C_ID_b543fba14d,-1,Y,1,B,703,M_ID_c4470c29d2,1,-0.6781615,2018-01-22 00:03:42,,-1,29
Y,C_ID_8a72067324,-1,Y,1,B,574,M_ID_0855bda176,1,-0.72151299,2018-03-13 07:35:57,,-1,22
Y,C_ID_3e5c74ad66,244,N,0,A,307,M_ID_7454df7eb6,2,-0.71685477,2018-03-29 11:27:05,3.0,2,19
Y,C_ID_8c2b49d1bc,-1,Y,1,B,574,M_ID_0855bda176,2,-0.70648648,2018-04-17 12:10:52,,-1,22
Y,C_ID_2350a2419c,323,N,1,B,683,M_ID_1c7dbc21ba,2,-0.61420867,2018-01-02 13:30:28,3.0,2,34
Y,C_ID_c73fd84c77,69,N,1,B,195,M_ID_cc72dac895,2,-0.71084417,2018-04-10 11:26:14,1.0,9,34
Y,C_ID_00f61d7d2c,244,N,1,B,307,M_ID_9415343113,1,-0.67177524,2018-02-26 05:57:47,3.0,2,19
Y,C_ID_5534f8f428,-1,N,0,A,68,M_ID_e34e5cbebf,1,-0.52181065,2018-03-31 11:40:53,,-1,27
Y,C_ID_c1b774a0fa,149,N,0,A,705,M_ID_2bd3cfd8d9,1,-0.23360215,2018-03-01 20:36:19,5.0,20,33
Y,C_ID_ec566a34e5,333,N,1,B,705,M_ID_594bfa9d23,2,-0.71164057,2018-04-08 12:31:04,1.0,9,33
Y,C_ID_7c96e43963,291,N,0,A,511,M_ID_9139332ccc,1,-0.65674872,2018-03-22 08:48:11,1.0,9,7
Y,C_ID_38b0ef5242,-1,Y,1,B,879,M_ID_9139332ccc,1,-0.74041634,2017-11-29 18:19:38,,-1,29
Y,C_ID_38b0ef5242,286,N,4,C,506,M_ID_e593f61318,2,-0.39426562,2017-12-15 16:14:55,3.0,3,30
Y,C_ID_38b0ef5242,69,N,1,B,755,M_ID_8fadd601d2,1,-0.68680175,2017-11-01 16:10:50,1.0,9,8
Y,C_ID_780765ae47,69,N,0,A,690,M_ID_981fe24744,1,-0.42458912,2018-01-29 14:40:32,1.0,9,1
Y,C_ID_df08b2ff54,-1,Y,1,B,409,M_ID_f19d6a46ab,1,-0.694315,2017-10-25 19:21:24,,-1,29
Y,C_ID_dbca8abebe,117,N,1,B,783,M_ID_84cd5e96d4,1,-0.64923547,2018-01-02 15:29:12,1.0,9,19
Y,C_ID_1cd2ae5b33,19,N,0,A,683,M_ID_c514f68e44,1,-0.72587068,2018-01-18 19:54:09,1.0,9,34
Y,C_ID_0340927fa9,4,N,2,C,834,M_ID_3026a3a82a,2,-0.44186961,2018-01-12 12:58:13,2.0,10,27
Y,C_ID_fe17fb7b70,333,N,1,B,690,M_ID_17674a5170,1,-0.56673992,2018-01-27 08:15:03,5.0,21,1
Y,C_ID_c57c6ab8e0,19,N,1,B,705,M_ID_1c4b690913,2,-0.61339724,2018-02-10 15:33:16,1.0,9,33
Y,C_ID_788e571626,-1,Y,1,B,574,,2,-0.57797975,2018-02-21 12:36:44,,-1,22
Y,C_ID_db9a937482,88,N,1,B,360,M_ID_c8f15345a9,1,-0.59664268,2017-09-25 23:20:05,1.0,16,34
Y,C_ID_d90485c64f,150,N,0,A,705,M_ID_ff1ffc4bee,1,-0.71345878,2018-03-06 19:29:37,5.0,5,33
